cell_id,x,y,lon,lat,elevation_m,ndvi,landcover
C_00_00,0,0,-105.25,39.55,1923.3,0.442,grass
C_00_01,1,0,-105.235,39.55,1920.8,0.202,urban
C_00_02,2,0,-105.22,39.55,1972.1,0.363,grass
C_00_03,3,0,-105.205,39.55,2027.3,0.39,grass
C_00_04,4,0,-105.19,39.55,2077.1,0.502,grass
C_00_05,5,0,-105.175,39.55,2130.6,0.425,grass
C_00_06,6,0,-105.16,39.55,2160.1,0.588,forest
C_00_07,7,0,-105.145,39.55,2152.6,0.505,grass
C_00_08,8,0,-105.13,39.55,2227.8,0.529,grass
C_00_09,9,0,-105.115,39.55,2263.3,0.568,forest
C_00_10,10,0,-105.1,39.55,2271.1,0.53,grass
C_00_11,11,0,-105.085,39.55,2281.4,0.605,forest
C_00_12,12,0,-105.07,39.55,2295.6,0.512,grass
C_00_13,13,0,-105.055,39.55,2258.4,0.37,grass
C_00_14,14,0,-105.04,39.55,2341.5,0.369,grass
C_00_15,15,0,-105.025,39.55,2293.1,0.32,grass
C_00_16,16,0,-105.01,39.55,2262.9,0.311,grass
C_00_17,17,0,-104.995,39.55,2249.9,0.271,grass
C_00_18,18,0,-104.98,39.55,2170.5,0.362,grass
C_00_19,19,0,-104.965,39.55,2170.6,0.236,grass
C_00_20,20,0,-104.95,39.55,2150.5,0.273,grass
C_00_21,21,0,-104.935,39.55,2080.7,0.064,urban
C_00_22,22,0,-104.92,39.55,2077.4,-0.002,urban
C_00_23,23,0,-104.905,39.55,1958.9,0.134,urban
C_00_24,24,0,-104.89,39.55,1911.8,0.041,urban
C_00_25,25,0,-104.875,39.55,1899.8,0.123,urban
C_00_26,26,0,-104.86,39.55,1833.0,-0.1,urban
C_00_27,27,0,-104.845,39.55,1785.8,0.036,urban
C_00_28,28,0,-104.83,39.55,1751.5,-0.1,urban
C_00_29,29,0,-104.815,39.55,1701.1,0.053,urban
C_00_30,30,0,-104.8,39.55,1618.1,0.011,urban
C_00_31,31,0,-104.785,39.55,1571.6,0.113,urban
C_00_32,32,0,-104.77,39.55,1538.5,0.156,urban
C_00_33,33,0,-104.755,39.55,1539.6,-0.049,urban
C_00_34,34,0,-104.74,39.55,1494.1,0.1,urban
C_00_35,35,0,-104.725,39.55,1463.7,0.132,urban
C_00_36,36,0,-104.71,39.55,1468.0,0.25,grass
C_00_37,37,0,-104.695,39.55,1435.4,0.261,grass
C_00_38,38,0,-104.68,39.55,1396.8,0.326,grass
C_00_39,39,0,-104.665,39.55,1417.7,0.343,grass
C_00_40,40,0,-104.65,39.55,1479.0,0.391,grass
C_00_41,41,0,-104.635,39.55,1513.9,0.377,grass
C_01_00,0,1,-105.25,39.562,1860.8,0.229,grass
C_01_01,1,1,-105.235,39.562,1944.4,0.335,grass
C_01_02,2,1,-105.22,39.562,1983.4,0.291,grass
C_01_03,3,1,-105.205,39.562,2040.2,0.363,grass
C_01_04,4,1,-105.19,39.562,2069.2,0.395,grass
C_01_05,5,1,-105.175,39.562,2117.4,0.441,grass
C_01_06,6,1,-105.16,39.562,2169.1,0.499,grass
C_01_07,7,1,-105.145,39.562,2180.0,0.358,grass
C_01_08,8,1,-105.13,39.562,2224.5,0.505,grass
C_01_09,9,1,-105.115,39.562,2254.7,0.495,grass
C_01_10,10,1,-105.1,39.562,2271.8,0.462,grass
C_01_11,11,1,-105.085,39.562,2287.7,0.635,forest
C_01_12,12,1,-105.07,39.562,2311.0,0.443,grass
C_01_13,13,1,-105.055,39.562,2290.2,0.374,grass
C_01_14,14,1,-105.04,39.562,2284.9,0.48,grass
C_01_15,15,1,-105.025,39.562,2250.2,0.456,grass
C_01_16,16,1,-105.01,39.562,2261.2,0.459,grass
C_01_17,17,1,-104.995,39.562,2202.5,0.457,grass
C_01_18,18,1,-104.98,39.562,2173.3,0.367,grass
C_01_19,19,1,-104.965,39.562,2178.7,0.236,grass
C_01_20,20,1,-104.95,39.562,2108.5,0.351,grass
C_01_21,21,1,-104.935,39.562,2071.9,0.256,grass
C_01_22,22,1,-104.92,39.562,2021.5,0.075,urban
C_01_23,23,1,-104.905,39.562,2022.5,0.096,urban
C_01_24,24,1,-104.89,39.562,1940.8,0.105,urban
C_01_25,25,1,-104.875,39.562,1934.4,-0.015,urban
C_01_26,26,1,-104.86,39.562,1865.9,0.059,urban
C_01_27,27,1,-104.845,39.562,1791.0,-0.06,urban
C_01_28,28,1,-104.83,39.562,1735.9,-0.07,urban
C_01_29,29,1,-104.815,39.562,1662.3,-0.011,urban
C_01_30,30,1,-104.8,39.562,1647.8,0.181,urban
C_01_31,31,1,-104.785,39.562,1635.8,0.075,urban
C_01_32,32,1,-104.77,39.562,1495.4,0.261,grass
C_01_33,33,1,-104.755,39.562,1536.7,0.112,urban
C_01_34,34,1,-104.74,39.562,1518.0,0.107,urban
C_01_35,35,1,-104.725,39.562,1448.5,0.163,urban
C_01_36,36,1,-104.71,39.562,1442.1,0.179,urban
C_01_37,37,1,-104.695,39.562,1454.0,0.09,urban
C_01_38,38,1,-104.68,39.562,1449.8,0.282,grass
C_01_39,39,1,-104.665,39.562,1433.0,0.344,grass
C_01_40,40,1,-104.65,39.562,1456.3,0.39,grass
C_01_41,41,1,-104.635,39.562,1503.5,0.347,grass
C_02_00,0,2,-105.25,39.574,1870.8,0.344,grass
C_02_01,1,2,-105.235,39.574,1925.1,0.25,grass
C_02_02,2,2,-105.22,39.574,1934.1,0.402,grass
C_02_03,3,2,-105.205,39.574,2037.8,0.443,grass
C_02_04,4,2,-105.19,39.574,2065.9,0.275,grass
C_02_05,5,2,-105.175,39.574,2100.8,0.526,grass
C_02_06,6,2,-105.16,39.574,2101.0,0.488,grass
C_02_07,7,2,-105.145,39.574,2173.0,0.425,grass
C_02_08,8,2,-105.13,39.574,2198.8,0.553,forest
C_02_09,9,2,-105.115,39.574,2206.6,0.47,grass
C_02_10,10,2,-105.1,39.574,2290.6,0.603,forest
C_02_11,11,2,-105.085,39.574,2286.3,0.445,grass
C_02_12,12,2,-105.07,39.574,2277.3,0.489,grass
C_02_13,13,2,-105.055,39.574,2288.1,0.557,forest
C_02_14,14,2,-105.04,39.574,2279.3,0.495,grass
C_02_15,15,2,-105.025,39.574,2207.9,0.543,grass
C_02_16,16,2,-105.01,39.574,2220.6,0.346,grass
C_02_17,17,2,-104.995,39.574,2234.8,0.19,urban
C_02_18,18,2,-104.98,39.574,2200.0,0.31,grass
C_02_19,19,2,-104.965,39.574,2175.6,0.321,grass
C_02_20,20,2,-104.95,39.574,2067.1,0.175,urban
C_02_21,21,2,-104.935,39.574,2077.0,0.155,urban
C_02_22,22,2,-104.92,39.574,2056.3,0.177,urban
C_02_23,23,2,-104.905,39.574,1952.9,-0.1,urban
C_02_24,24,2,-104.89,39.574,1963.2,0.214,urban
C_02_25,25,2,-104.875,39.574,1924.3,-0.014,urban
C_02_26,26,2,-104.86,39.574,1809.2,0.116,urban
C_02_27,27,2,-104.845,39.574,1736.0,-0.004,urban
C_02_28,28,2,-104.83,39.574,1761.9,0.151,urban
C_02_29,29,2,-104.815,39.574,1701.7,-0.028,urban
C_02_30,30,2,-104.8,39.574,1570.5,-0.1,urban
C_02_31,31,2,-104.785,39.574,1628.3,0.096,urban
C_02_32,32,2,-104.77,39.574,1535.5,0.15,urban
C_02_33,33,2,-104.755,39.574,1497.5,0.155,urban
C_02_34,34,2,-104.74,39.574,1504.7,0.083,urban
C_02_35,35,2,-104.725,39.574,1460.5,0.182,urban
C_02_36,36,2,-104.71,39.574,1476.8,0.339,grass
C_02_37,37,2,-104.695,39.574,1502.5,0.161,urban
C_02_38,38,2,-104.68,39.574,1496.3,0.382,grass
C_02_39,39,2,-104.665,39.574,1435.6,0.295,grass
C_02_40,40,2,-104.65,39.574,1452.9,0.315,grass
C_02_41,41,2,-104.635,39.574,1457.7,0.451,grass
C_03_00,0,3,-105.25,39.586,1806.8,0.2,urban
C_03_01,1,3,-105.235,39.586,1927.6,0.381,grass
C_03_02,2,3,-105.22,39.586,1944.4,0.47,grass
C_03_03,3,3,-105.205,39.586,2038.1,0.358,grass
C_03_04,4,3,-105.19,39.586,2074.0,0.386,grass
C_03_05,5,3,-105.175,39.586,2094.0,0.549,grass
C_03_06,6,3,-105.16,39.586,2150.3,0.552,forest
C_03_07,7,3,-105.145,39.586,2196.3,0.411,grass
C_03_08,8,3,-105.13,39.586,2228.5,0.541,grass
C_03_09,9,3,-105.115,39.586,2204.4,0.538,grass
C_03_10,10,3,-105.1,39.586,2248.0,0.526,grass
C_03_11,11,3,-105.085,39.586,2267.2,0.582,forest
C_03_12,12,3,-105.07,39.586,2272.9,0.614,forest
C_03_13,13,3,-105.055,39.586,2292.8,0.465,grass
C_03_14,14,3,-105.04,39.586,2336.4,0.364,grass
C_03_15,15,3,-105.025,39.586,2259.9,0.269,grass
C_03_16,16,3,-105.01,39.586,2233.0,0.378,grass
C_03_17,17,3,-104.995,39.586,2227.9,0.525,grass
C_03_18,18,3,-104.98,39.586,2184.9,0.318,grass
C_03_19,19,3,-104.965,39.586,2201.2,0.179,urban
C_03_20,20,3,-104.95,39.586,2065.9,0.218,urban
C_03_21,21,3,-104.935,39.586,2112.6,0.22,grass
C_03_22,22,3,-104.92,39.586,2034.9,0.185,urban
C_03_23,23,3,-104.905,39.586,1999.0,0.105,urban
C_03_24,24,3,-104.89,39.586,1913.8,0.016,urban
C_03_25,25,3,-104.875,39.586,1875.1,0.029,urban
C_03_26,26,3,-104.86,39.586,1842.7,0.149,urban
C_03_27,27,3,-104.845,39.586,1776.0,-0.015,urban
C_03_28,28,3,-104.83,39.586,1692.8,0.078,urban
C_03_29,29,3,-104.815,39.586,1714.7,-0.1,urban
C_03_30,30,3,-104.8,39.586,1616.5,0.022,urban
C_03_31,31,3,-104.785,39.586,1570.7,0.103,urban
C_03_32,32,3,-104.77,39.586,1550.9,-0.026,urban
C_03_33,33,3,-104.755,39.586,1494.5,0.209,urban
C_03_34,34,3,-104.74,39.586,1476.3,0.268,grass
C_03_35,35,3,-104.725,39.586,1418.5,0.182,urban
C_03_36,36,3,-104.71,39.586,1441.6,0.165,urban
C_03_37,37,3,-104.695,39.586,1463.3,0.234,grass
C_03_38,38,3,-104.68,39.586,1478.8,0.255,grass
C_03_39,39,3,-104.665,39.586,1423.8,0.495,grass
C_03_40,40,3,-104.65,39.586,1428.1,0.256,grass
C_03_41,41,3,-104.635,39.586,1507.8,0.457,grass
C_04_00,0,4,-105.25,39.598,1855.0,0.327,grass
C_04_01,1,4,-105.235,39.598,1851.2,0.501,grass
C_04_02,2,4,-105.22,39.598,1936.3,0.351,grass
C_04_03,3,4,-105.205,39.598,2021.9,0.564,forest
C_04_04,4,4,-105.19,39.598,2040.7,0.414,grass
C_04_05,5,4,-105.175,39.598,2103.4,0.665,forest
C_04_06,6,4,-105.16,39.598,2174.7,0.487,grass
C_04_07,7,4,-105.145,39.598,2163.8,0.548,grass
C_04_08,8,4,-105.13,39.598,2224.0,0.609,forest
C_04_09,9,4,-105.115,39.598,2224.4,0.622,forest
C_04_10,10,4,-105.1,39.598,2223.0,0.604,forest
C_04_11,11,4,-105.085,39.598,2229.3,0.638,forest
C_04_12,12,4,-105.07,39.598,2241.8,0.482,grass
C_04_13,13,4,-105.055,39.598,2252.1,0.489,grass
C_04_14,14,4,-105.04,39.598,2249.1,0.561,forest
C_04_15,15,4,-105.025,39.598,2234.6,0.563,forest
C_04_16,16,4,-105.01,39.598,2230.6,0.362,grass
C_04_17,17,4,-104.995,39.598,2180.7,0.472,grass
C_04_18,18,4,-104.98,39.598,2178.3,0.382,grass
C_04_19,19,4,-104.965,39.598,2163.5,0.227,grass
C_04_20,20,4,-104.95,39.598,2077.5,0.482,grass
C_04_21,21,4,-104.935,39.598,2032.1,0.342,grass
C_04_22,22,4,-104.92,39.598,2022.6,0.259,grass
C_04_23,23,4,-104.905,39.598,1947.0,0.201,urban
C_04_24,24,4,-104.89,39.598,1888.0,0.017,urban
C_04_25,25,4,-104.875,39.598,1852.7,0.02,urban
C_04_26,26,4,-104.86,39.598,1805.8,0.005,urban
C_04_27,27,4,-104.845,39.598,1728.7,0.111,urban
C_04_28,28,4,-104.83,39.598,1686.6,0.167,urban
C_04_29,29,4,-104.815,39.598,1679.9,-0.013,urban
C_04_30,30,4,-104.8,39.598,1641.3,0.136,urban
C_04_31,31,4,-104.785,39.598,1558.7,0.17,urban
C_04_32,32,4,-104.77,39.598,1502.6,0.176,urban
C_04_33,33,4,-104.755,39.598,1447.5,0.253,grass
C_04_34,34,4,-104.74,39.598,1460.9,0.308,grass
C_04_35,35,4,-104.725,39.598,1420.4,0.341,grass
C_04_36,36,4,-104.71,39.598,1421.7,0.331,grass
C_04_37,37,4,-104.695,39.598,1409.5,0.274,grass
C_04_38,38,4,-104.68,39.598,1431.3,0.445,grass
C_04_39,39,4,-104.665,39.598,1459.6,0.343,grass
C_04_40,40,4,-104.65,39.598,1422.4,0.514,grass
C_04_41,41,4,-104.635,39.598,1496.4,0.471,grass
C_05_00,0,5,-105.25,39.61,1824.6,0.32,grass
C_05_01,1,5,-105.235,39.61,1857.9,0.225,grass
C_05_02,2,5,-105.22,39.61,1928.3,0.334,grass
C_05_03,3,5,-105.205,39.61,1957.9,0.393,grass
C_05_04,4,5,-105.19,39.61,2011.6,0.548,grass
C_05_05,5,5,-105.175,39.61,2083.9,0.62,forest
C_05_06,6,5,-105.16,39.61,2118.8,0.519,grass
C_05_07,7,5,-105.145,39.61,2160.8,0.416,grass
C_05_08,8,5,-105.13,39.61,2165.9,0.644,forest
C_05_09,9,5,-105.115,39.61,2193.8,0.413,grass
C_05_10,10,5,-105.1,39.61,2224.5,0.605,forest
C_05_11,11,5,-105.085,39.61,2243.8,0.581,forest
C_05_12,12,5,-105.07,39.61,2216.9,0.635,forest
C_05_13,13,5,-105.055,39.61,2252.1,0.616,forest
C_05_14,14,5,-105.04,39.61,2239.7,0.67,forest
C_05_15,15,5,-105.025,39.61,2222.1,0.566,forest
C_05_16,16,5,-105.01,39.61,2234.2,0.565,forest
C_05_17,17,5,-104.995,39.61,2170.7,0.393,grass
C_05_18,18,5,-104.98,39.61,2146.6,0.325,grass
C_05_19,19,5,-104.965,39.61,2120.8,0.362,grass
C_05_20,20,5,-104.95,39.61,2065.0,0.172,urban
C_05_21,21,5,-104.935,39.61,2024.8,0.272,grass
C_05_22,22,5,-104.92,39.61,1997.8,0.132,urban
C_05_23,23,5,-104.905,39.61,1955.3,0.3,grass
C_05_24,24,5,-104.89,39.61,1884.7,0.113,urban
C_05_25,25,5,-104.875,39.61,1811.0,0.096,urban
C_05_26,26,5,-104.86,39.61,1762.2,0.206,urban
C_05_27,27,5,-104.845,39.61,1743.7,0.118,urban
C_05_28,28,5,-104.83,39.61,1679.4,0.163,urban
C_05_29,29,5,-104.815,39.61,1610.1,0.03,urban
C_05_30,30,5,-104.8,39.61,1578.1,0.147,urban
C_05_31,31,5,-104.785,39.61,1571.3,0.107,urban
C_05_32,32,5,-104.77,39.61,1448.9,0.168,urban
C_05_33,33,5,-104.755,39.61,1453.1,0.164,urban
C_05_34,34,5,-104.74,39.61,1474.3,0.218,urban
C_05_35,35,5,-104.725,39.61,1405.8,0.292,grass
C_05_36,36,5,-104.71,39.61,1399.0,0.272,grass
C_05_37,37,5,-104.695,39.61,1413.7,0.538,grass
C_05_38,38,5,-104.68,39.61,1386.8,0.4,grass
C_05_39,39,5,-104.665,39.61,1384.6,0.482,grass
C_05_40,40,5,-104.65,39.61,1404.3,0.39,grass
C_05_41,41,5,-104.635,39.61,1461.3,0.28,grass
C_06_00,0,6,-105.25,39.622,1809.8,0.412,grass
C_06_01,1,6,-105.235,39.622,1868.8,0.357,grass
C_06_02,2,6,-105.22,39.622,1901.2,0.511,grass
C_06_03,3,6,-105.205,39.622,1930.0,0.444,grass
C_06_04,4,6,-105.19,39.622,1993.2,0.437,grass
C_06_05,5,6,-105.175,39.622,2047.7,0.706,forest
C_06_06,6,6,-105.16,39.622,2083.3,0.664,forest
C_06_07,7,6,-105.145,39.622,2112.1,0.654,forest
C_06_08,8,6,-105.13,39.622,2136.7,0.721,forest
C_06_09,9,6,-105.115,39.622,2174.0,0.639,forest
C_06_10,10,6,-105.1,39.622,2180.5,0.509,grass
C_06_11,11,6,-105.085,39.622,2217.9,0.53,grass
C_06_12,12,6,-105.07,39.622,2202.2,0.719,forest
C_06_13,13,6,-105.055,39.622,2199.5,0.705,forest
C_06_14,14,6,-105.04,39.622,2161.3,0.551,forest
C_06_15,15,6,-105.025,39.622,2208.3,0.533,grass
C_06_16,16,6,-105.01,39.622,2209.8,0.575,forest
C_06_17,17,6,-104.995,39.622,2124.5,0.555,forest
C_06_18,18,6,-104.98,39.622,2145.8,0.533,grass
C_06_19,19,6,-104.965,39.622,2102.1,0.453,grass
C_06_20,20,6,-104.95,39.622,2055.6,0.333,grass
C_06_21,21,6,-104.935,39.622,1991.1,0.32,grass
C_06_22,22,6,-104.92,39.622,1967.0,0.172,urban
C_06_23,23,6,-104.905,39.622,1907.7,0.125,urban
C_06_24,24,6,-104.89,39.622,1839.6,0.235,grass
C_06_25,25,6,-104.875,39.622,1785.0,0.197,urban
C_06_26,26,6,-104.86,39.622,1785.0,0.096,urban
C_06_27,27,6,-104.845,39.622,1665.9,0.125,urban
C_06_28,28,6,-104.83,39.622,1624.9,0.219,urban
C_06_29,29,6,-104.815,39.622,1621.2,0.212,urban
C_06_30,30,6,-104.8,39.622,1566.9,0.251,grass
C_06_31,31,6,-104.785,39.622,1509.4,0.066,urban
C_06_32,32,6,-104.77,39.622,1479.2,0.271,grass
C_06_33,33,6,-104.755,39.622,1500.3,0.137,urban
C_06_34,34,6,-104.74,39.622,1412.2,0.086,urban
C_06_35,35,6,-104.725,39.622,1421.0,0.349,grass
C_06_36,36,6,-104.71,39.622,1388.4,0.305,grass
C_06_37,37,6,-104.695,39.622,1366.5,0.379,grass
C_06_38,38,6,-104.68,39.622,1440.2,0.487,grass
C_06_39,39,6,-104.665,39.622,1376.7,0.486,grass
C_06_40,40,6,-104.65,39.622,1383.8,0.385,grass
C_06_41,41,6,-104.635,39.622,1408.2,0.54,grass
C_07_00,0,7,-105.25,39.634,1756.5,0.429,grass
C_07_01,1,7,-105.235,39.634,1804.3,0.544,grass
C_07_02,2,7,-105.22,39.634,1880.0,0.613,forest
C_07_03,3,7,-105.205,39.634,1942.6,0.511,grass
C_07_04,4,7,-105.19,39.634,1993.8,0.429,grass
C_07_05,5,7,-105.175,39.634,1998.1,0.57,forest
C_07_06,6,7,-105.16,39.634,2039.0,0.572,forest
C_07_07,7,7,-105.145,39.634,2092.2,0.749,forest
C_07_08,8,7,-105.13,39.634,2118.8,0.635,forest
C_07_09,9,7,-105.115,39.634,2173.0,0.775,forest
C_07_10,10,7,-105.1,39.634,2165.7,0.73,forest
C_07_11,11,7,-105.085,39.634,2218.5,0.746,forest
C_07_12,12,7,-105.07,39.634,2153.4,0.576,forest
C_07_13,13,7,-105.055,39.634,2169.4,0.747,forest
C_07_14,14,7,-105.04,39.634,2167.2,0.565,forest
C_07_15,15,7,-105.025,39.634,2189.3,0.417,grass
C_07_16,16,7,-105.01,39.634,2138.8,0.455,grass
C_07_17,17,7,-104.995,39.634,2149.4,0.617,forest
C_07_18,18,7,-104.98,39.634,2108.5,0.452,grass
C_07_19,19,7,-104.965,39.634,2066.8,0.371,grass
C_07_20,20,7,-104.95,39.634,2048.1,0.512,grass
C_07_21,21,7,-104.935,39.634,1954.6,0.484,grass
C_07_22,22,7,-104.92,39.634,1959.4,0.325,grass
C_07_23,23,7,-104.905,39.634,1847.1,0.304,grass
C_07_24,24,7,-104.89,39.634,1816.3,0.314,grass
C_07_25,25,7,-104.875,39.634,1801.5,0.275,grass
C_07_26,26,7,-104.86,39.634,1707.6,0.242,grass
C_07_27,27,7,-104.845,39.634,1652.3,0.186,urban
C_07_28,28,7,-104.83,39.634,1593.0,0.156,urban
C_07_29,29,7,-104.815,39.634,1611.3,0.068,urban
C_07_30,30,7,-104.8,39.634,1588.7,0.126,urban
C_07_31,31,7,-104.785,39.634,1509.4,0.086,urban
C_07_32,32,7,-104.77,39.634,1470.1,0.129,urban
C_07_33,33,7,-104.755,39.634,1377.2,0.252,grass
C_07_34,34,7,-104.74,39.634,1382.3,0.181,urban
C_07_35,35,7,-104.725,39.634,1353.2,0.34,grass
C_07_36,36,7,-104.71,39.634,1383.8,0.362,grass
C_07_37,37,7,-104.695,39.634,1316.0,0.416,grass
C_07_38,38,7,-104.68,39.634,1348.7,0.377,grass
C_07_39,39,7,-104.665,39.634,1274.7,0.37,grass
C_07_40,40,7,-104.65,39.634,1390.8,0.484,grass
C_07_41,41,7,-104.635,39.634,1403.9,0.67,forest
C_08_00,0,8,-105.25,39.646,1769.3,0.461,grass
C_08_01,1,8,-105.235,39.646,1792.1,0.495,grass
C_08_02,2,8,-105.22,39.646,1842.1,0.57,forest
C_08_03,3,8,-105.205,39.646,1883.2,0.62,forest
C_08_04,4,8,-105.19,39.646,1973.8,0.558,forest
C_08_05,5,8,-105.175,39.646,2007.7,0.654,forest
C_08_06,6,8,-105.16,39.646,2021.2,0.669,forest
C_08_07,7,8,-105.145,39.646,2058.3,0.628,forest
C_08_08,8,8,-105.13,39.646,2048.8,0.547,grass
C_08_09,9,8,-105.115,39.646,2143.5,0.562,forest
C_08_10,10,8,-105.1,39.646,2218.0,0.583,forest
C_08_11,11,8,-105.085,39.646,2134.7,0.628,forest
C_08_12,12,8,-105.07,39.646,2111.0,0.71,forest
C_08_13,13,8,-105.055,39.646,2161.9,0.517,grass
C_08_14,14,8,-105.04,39.646,2161.5,0.641,forest
C_08_15,15,8,-105.025,39.646,2154.4,0.576,forest
C_08_16,16,8,-105.01,39.646,2119.9,0.408,grass
C_08_17,17,8,-104.995,39.646,2117.1,0.593,forest
C_08_18,18,8,-104.98,39.646,2073.9,0.468,grass
C_08_19,19,8,-104.965,39.646,2027.9,0.427,grass
C_08_20,20,8,-104.95,39.646,2019.3,0.465,grass
C_08_21,21,8,-104.935,39.646,1966.1,0.362,grass
C_08_22,22,8,-104.92,39.646,1899.2,0.32,grass
C_08_23,23,8,-104.905,39.646,1878.3,0.163,urban
C_08_24,24,8,-104.89,39.646,1785.7,0.381,grass
C_08_25,25,8,-104.875,39.646,1776.9,0.182,urban
C_08_26,26,8,-104.86,39.646,1725.2,0.19,urban
C_08_27,27,8,-104.845,39.646,1668.8,0.181,urban
C_08_28,28,8,-104.83,39.646,1614.5,0.104,urban
C_08_29,29,8,-104.815,39.646,1590.0,0.266,grass
C_08_30,30,8,-104.8,39.646,1461.9,0.214,urban
C_08_31,31,8,-104.785,39.646,1484.6,0.274,grass
C_08_32,32,8,-104.77,39.646,1421.8,0.304,grass
C_08_33,33,8,-104.755,39.646,1377.3,0.277,grass
C_08_34,34,8,-104.74,39.646,1365.5,0.158,urban
C_08_35,35,8,-104.725,39.646,1366.0,0.348,grass
C_08_36,36,8,-104.71,39.646,1318.3,0.444,grass
C_08_37,37,8,-104.695,39.646,1288.8,0.375,grass
C_08_38,38,8,-104.68,39.646,1297.1,0.432,grass
C_08_39,39,8,-104.665,39.646,1336.0,0.532,grass
C_08_40,40,8,-104.65,39.646,1337.5,0.498,grass
C_08_41,41,8,-104.635,39.646,1303.0,0.473,grass
C_09_00,0,9,-105.25,39.658,1717.4,0.351,grass
C_09_01,1,9,-105.235,39.658,1770.0,0.608,forest
C_09_02,2,9,-105.22,39.658,1851.7,0.635,forest
C_09_03,3,9,-105.205,39.658,1867.5,0.763,forest
C_09_04,4,9,-105.19,39.658,1880.4,0.511,grass
C_09_05,5,9,-105.175,39.658,1973.7,0.801,forest
C_09_06,6,9,-105.16,39.658,2004.6,0.721,forest
C_09_07,7,9,-105.145,39.658,2030.8,0.673,forest
C_09_08,8,9,-105.13,39.658,2080.0,0.788,forest
C_09_09,9,9,-105.115,39.658,2094.1,0.791,forest
C_09_10,10,9,-105.1,39.658,2122.9,0.706,forest
C_09_11,11,9,-105.085,39.658,2113.9,0.851,forest
C_09_12,12,9,-105.07,39.658,2129.0,0.811,forest
C_09_13,13,9,-105.055,39.658,2111.7,0.663,forest
C_09_14,14,9,-105.04,39.658,2108.8,0.604,forest
C_09_15,15,9,-105.025,39.658,2081.4,0.53,grass
C_09_16,16,9,-105.01,39.658,2140.8,0.64,forest
C_09_17,17,9,-104.995,39.658,2046.5,0.632,forest
C_09_18,18,9,-104.98,39.658,2049.0,0.647,forest
C_09_19,19,9,-104.965,39.658,1978.0,0.604,forest
C_09_20,20,9,-104.95,39.658,1969.0,0.391,grass
C_09_21,21,9,-104.935,39.658,1911.0,0.313,grass
C_09_22,22,9,-104.92,39.658,1894.4,0.241,grass
C_09_23,23,9,-104.905,39.658,1859.6,0.406,grass
C_09_24,24,9,-104.89,39.658,1770.6,0.391,grass
C_09_25,25,9,-104.875,39.658,1731.8,0.285,grass
C_09_26,26,9,-104.86,39.658,1658.5,0.216,urban
C_09_27,27,9,-104.845,39.658,1636.8,0.328,grass
C_09_28,28,9,-104.83,39.658,1548.5,0.297,grass
C_09_29,29,9,-104.815,39.658,1511.9,0.232,grass
C_09_30,30,9,-104.8,39.658,1462.1,0.144,urban
C_09_31,31,9,-104.785,39.658,1433.7,0.259,grass
C_09_32,32,9,-104.77,39.658,1375.0,0.322,grass
C_09_33,33,9,-104.755,39.658,1356.3,0.285,grass
C_09_34,34,9,-104.74,39.658,1355.1,0.311,grass
C_09_35,35,9,-104.725,39.658,1300.7,0.393,grass
C_09_36,36,9,-104.71,39.658,1347.3,0.441,grass
C_09_37,37,9,-104.695,39.658,1262.8,0.49,grass
C_09_38,38,9,-104.68,39.658,1269.9,0.536,grass
C_09_39,39,9,-104.665,39.658,1307.9,0.492,grass
C_09_40,40,9,-104.65,39.658,1294.1,0.636,forest
C_09_41,41,9,-104.635,39.658,1318.8,0.561,forest
C_10_00,0,10,-105.25,39.67,1733.1,0.495,grass
C_10_01,1,10,-105.235,39.67,1739.6,0.395,grass
C_10_02,2,10,-105.22,39.67,1760.6,0.603,forest
C_10_03,3,10,-105.205,39.67,1846.0,0.449,grass
C_10_04,4,10,-105.19,39.67,1879.2,0.691,forest
C_10_05,5,10,-105.175,39.67,1872.2,0.696,forest
C_10_06,6,10,-105.16,39.67,2018.1,0.6,forest
C_10_07,7,10,-105.145,39.67,2020.7,0.736,forest
C_10_08,8,10,-105.13,39.67,2077.3,0.745,forest
C_10_09,9,10,-105.115,39.67,2077.1,0.827,forest
C_10_10,10,10,-105.1,39.67,2145.6,0.721,forest
C_10_11,11,10,-105.085,39.67,2079.2,0.893,forest
C_10_12,12,10,-105.07,39.67,2110.5,0.668,forest
C_10_13,13,10,-105.055,39.67,2102.7,0.735,forest
C_10_14,14,10,-105.04,39.67,2127.1,0.838,forest
C_10_15,15,10,-105.025,39.67,2080.2,0.706,forest
C_10_16,16,10,-105.01,39.67,2066.1,0.693,forest
C_10_17,17,10,-104.995,39.67,2055.7,0.633,forest
C_10_18,18,10,-104.98,39.67,1990.3,0.418,grass
C_10_19,19,10,-104.965,39.67,1954.1,0.583,forest
C_10_20,20,10,-104.95,39.67,1918.3,0.552,forest
C_10_21,21,10,-104.935,39.67,1875.2,0.323,grass
C_10_22,22,10,-104.92,39.67,1874.8,0.338,grass
C_10_23,23,10,-104.905,39.67,1812.6,0.256,grass
C_10_24,24,10,-104.89,39.67,1743.0,0.3,grass
C_10_25,25,10,-104.875,39.67,1719.1,0.409,grass
C_10_26,26,10,-104.86,39.67,1666.1,0.395,grass
C_10_27,27,10,-104.845,39.67,1622.7,0.192,urban
C_10_28,28,10,-104.83,39.67,1532.2,0.192,urban
C_10_29,29,10,-104.815,39.67,1480.0,0.296,grass
C_10_30,30,10,-104.8,39.67,1401.8,0.295,grass
C_10_31,31,10,-104.785,39.67,1386.5,0.271,grass
C_10_32,32,10,-104.77,39.67,1331.7,0.235,grass
C_10_33,33,10,-104.755,39.67,1317.7,0.402,grass
C_10_34,34,10,-104.74,39.67,1322.1,0.282,grass
C_10_35,35,10,-104.725,39.67,1287.0,0.239,grass
C_10_36,36,10,-104.71,39.67,1263.9,0.42,grass
C_10_37,37,10,-104.695,39.67,1270.9,0.547,grass
C_10_38,38,10,-104.68,39.67,1242.1,0.566,forest
C_10_39,39,10,-104.665,39.67,1253.4,0.509,grass
C_10_40,40,10,-104.65,39.67,1274.6,0.696,forest
C_10_41,41,10,-104.635,39.67,1300.9,0.636,forest
C_11_00,0,11,-105.25,39.682,1678.6,0.534,grass
C_11_01,1,11,-105.235,39.682,1725.2,0.701,forest
C_11_02,2,11,-105.22,39.682,1771.3,0.561,forest
C_11_03,3,11,-105.205,39.682,1840.2,0.736,forest
C_11_04,4,11,-105.19,39.682,1894.7,0.805,forest
C_11_05,5,11,-105.175,39.682,1900.3,0.729,forest
C_11_06,6,11,-105.16,39.682,1925.8,0.861,forest
C_11_07,7,11,-105.145,39.682,1955.1,0.844,forest
C_11_08,8,11,-105.13,39.682,1943.5,0.817,forest
C_11_09,9,11,-105.115,39.682,1997.2,0.885,forest
C_11_10,10,11,-105.1,39.682,2045.5,0.863,forest
C_11_11,11,11,-105.085,39.682,2042.6,0.716,forest
C_11_12,12,11,-105.07,39.682,2081.1,0.7,forest
C_11_13,13,11,-105.055,39.682,2052.9,0.828,forest
C_11_14,14,11,-105.04,39.682,2050.8,0.822,forest
C_11_15,15,11,-105.025,39.682,2025.0,0.811,forest
C_11_16,16,11,-105.01,39.682,2065.8,0.658,forest
C_11_17,17,11,-104.995,39.682,1982.6,0.712,forest
C_11_18,18,11,-104.98,39.682,1993.4,0.65,forest
C_11_19,19,11,-104.965,39.682,1975.2,0.507,grass
C_11_20,20,11,-104.95,39.682,1919.4,0.647,forest
C_11_21,21,11,-104.935,39.682,1856.9,0.381,grass
C_11_22,22,11,-104.92,39.682,1833.0,0.45,grass
C_11_23,23,11,-104.905,39.682,1784.9,0.461,grass
C_11_24,24,11,-104.89,39.682,1677.4,0.491,grass
C_11_25,25,11,-104.875,39.682,1652.8,0.286,grass
C_11_26,26,11,-104.86,39.682,1596.9,0.381,grass
C_11_27,27,11,-104.845,39.682,1569.3,0.221,grass
C_11_28,28,11,-104.83,39.682,1516.1,0.374,grass
C_11_29,29,11,-104.815,39.682,1480.1,0.316,grass
C_11_30,30,11,-104.8,39.682,1391.1,0.235,grass
C_11_31,31,11,-104.785,39.682,1367.9,0.348,grass
C_11_32,32,11,-104.77,39.682,1334.1,0.292,grass
C_11_33,33,11,-104.755,39.682,1313.3,0.398,grass
C_11_34,34,11,-104.74,39.682,1272.2,0.299,grass
C_11_35,35,11,-104.725,39.682,1238.8,0.474,grass
C_11_36,36,11,-104.71,39.682,1280.3,0.465,grass
C_11_37,37,11,-104.695,39.682,1236.6,0.676,forest
C_11_38,38,11,-104.68,39.682,1254.2,0.457,grass
C_11_39,39,11,-104.665,39.682,1211.4,0.597,forest
C_11_40,40,11,-104.65,39.682,1271.9,0.685,forest
C_11_41,41,11,-104.635,39.682,1310.0,0.862,forest
C_12_00,0,12,-105.25,39.694,1591.6,0.457,grass
C_12_01,1,12,-105.235,39.694,1625.8,0.776,forest
C_12_02,2,12,-105.22,39.694,1779.4,0.752,forest
C_12_03,3,12,-105.205,39.694,1778.8,0.619,forest
C_12_04,4,12,-105.19,39.694,1887.1,0.765,forest
C_12_05,5,12,-105.175,39.694,1869.3,0.884,forest
C_12_06,6,12,-105.16,39.694,1946.7,0.691,forest
C_12_07,7,12,-105.145,39.694,1936.1,0.829,forest
C_12_08,8,12,-105.13,39.694,1985.5,0.884,forest
C_12_09,9,12,-105.115,39.694,1994.2,0.9,forest
C_12_10,10,12,-105.1,39.694,2035.1,0.784,forest
C_12_11,11,12,-105.085,39.694,2044.4,0.75,forest
C_12_12,12,12,-105.07,39.694,2002.4,0.833,forest
C_12_13,13,12,-105.055,39.694,2006.2,0.841,forest
C_12_14,14,12,-105.04,39.694,2041.9,0.7,forest
C_12_15,15,12,-105.025,39.694,2009.7,0.636,forest
C_12_16,16,12,-105.01,39.694,2038.8,0.632,forest
C_12_17,17,12,-104.995,39.694,1978.6,0.74,forest
C_12_18,18,12,-104.98,39.694,1977.6,0.628,forest
C_12_19,19,12,-104.965,39.694,1930.0,0.622,forest
C_12_20,20,12,-104.95,39.694,1821.0,0.408,grass
C_12_21,21,12,-104.935,39.694,1825.2,0.547,grass
C_12_22,22,12,-104.92,39.694,1807.4,0.465,grass
C_12_23,23,12,-104.905,39.694,1754.7,0.449,grass
C_12_24,24,12,-104.89,39.694,1673.3,0.248,grass
C_12_25,25,12,-104.875,39.694,1601.9,0.309,grass
C_12_26,26,12,-104.86,39.694,1567.9,0.42,grass
C_12_27,27,12,-104.845,39.694,1531.5,0.333,grass
C_12_28,28,12,-104.83,39.694,1465.3,0.395,grass
C_12_29,29,12,-104.815,39.694,1403.7,0.365,grass
C_12_30,30,12,-104.8,39.694,1384.2,0.288,grass
C_12_31,31,12,-104.785,39.694,1331.9,0.245,grass
C_12_32,32,12,-104.77,39.694,1307.0,0.4,grass
C_12_33,33,12,-104.755,39.694,1314.8,0.239,grass
C_12_34,34,12,-104.74,39.694,1227.4,0.363,grass
C_12_35,35,12,-104.725,39.694,1219.2,0.519,grass
C_12_36,36,12,-104.71,39.694,1238.4,0.506,grass
C_12_37,37,12,-104.695,39.694,1201.0,0.621,forest
C_12_38,38,12,-104.68,39.694,1202.6,0.578,forest
C_12_39,39,12,-104.665,39.694,1199.9,0.602,forest
C_12_40,40,12,-104.65,39.694,1206.5,0.745,forest
C_12_41,41,12,-104.635,39.694,1245.8,0.713,forest
C_13_00,0,13,-105.25,39.706,1630.4,0.587,forest
C_13_01,1,13,-105.235,39.706,1633.1,0.649,forest
C_13_02,2,13,-105.22,39.706,1714.6,0.666,forest
C_13_03,3,13,-105.205,39.706,1714.8,0.627,forest
C_13_04,4,13,-105.19,39.706,1814.7,0.791,forest
C_13_05,5,13,-105.175,39.706,1877.2,0.784,forest
C_13_06,6,13,-105.16,39.706,1891.6,0.857,forest
C_13_07,7,13,-105.145,39.706,1928.4,0.706,forest
C_13_08,8,13,-105.13,39.706,1931.6,0.895,forest
C_13_09,9,13,-105.115,39.706,1978.1,0.77,forest
C_13_10,10,13,-105.1,39.706,1979.7,0.812,forest
C_13_11,11,13,-105.085,39.706,2003.2,0.874,forest
C_13_12,12,13,-105.07,39.706,2065.5,0.697,forest
C_13_13,13,13,-105.055,39.706,2020.0,0.741,forest
C_13_14,14,13,-105.04,39.706,1987.9,0.767,forest
C_13_15,15,13,-105.025,39.706,2018.2,0.681,forest
C_13_16,16,13,-105.01,39.706,1935.3,0.752,forest
C_13_17,17,13,-104.995,39.706,1902.2,0.737,forest
C_13_18,18,13,-104.98,39.706,1934.8,0.699,forest
C_13_19,19,13,-104.965,39.706,1868.3,0.583,forest
C_13_20,20,13,-104.95,39.706,1835.4,0.568,forest
C_13_21,21,13,-104.935,39.706,1827.0,0.473,grass
C_13_22,22,13,-104.92,39.706,1720.6,0.301,grass
C_13_23,23,13,-104.905,39.706,1679.6,0.506,grass
C_13_24,24,13,-104.89,39.706,1648.2,0.385,grass
C_13_25,25,13,-104.875,39.706,1538.6,0.188,urban
C_13_26,26,13,-104.86,39.706,1520.6,0.296,grass
C_13_27,27,13,-104.845,39.706,1522.7,0.336,grass
C_13_28,28,13,-104.83,39.706,1451.7,0.458,grass
C_13_29,29,13,-104.815,39.706,1393.0,0.362,grass
C_13_30,30,13,-104.8,39.706,1330.7,0.46,grass
C_13_31,31,13,-104.785,39.706,1344.9,0.302,grass
C_13_32,32,13,-104.77,39.706,1233.9,0.35,grass
C_13_33,33,13,-104.755,39.706,1258.1,0.39,grass
C_13_34,34,13,-104.74,39.706,1188.4,0.579,forest
C_13_35,35,13,-104.725,39.706,1229.3,0.663,forest
C_13_36,36,13,-104.71,39.706,1207.8,0.501,grass
C_13_37,37,13,-104.695,39.706,1166.4,0.739,forest
C_13_38,38,13,-104.68,39.706,1186.7,0.703,forest
C_13_39,39,13,-104.665,39.706,1185.6,0.767,forest
C_13_40,40,13,-104.65,39.706,1240.8,0.689,forest
C_13_41,41,13,-104.635,39.706,1243.2,0.719,forest
C_14_00,0,14,-105.25,39.718,1601.7,0.69,forest
C_14_01,1,14,-105.235,39.718,1600.6,0.818,forest
C_14_02,2,14,-105.22,39.718,1694.6,0.776,forest
C_14_03,3,14,-105.205,39.718,1732.4,0.737,forest
C_14_04,4,14,-105.19,39.718,1813.8,0.798,forest
C_14_05,5,14,-105.175,39.718,1876.6,0.609,forest
C_14_06,6,14,-105.16,39.718,1868.1,0.807,forest
C_14_07,7,14,-105.145,39.718,1881.2,0.88,forest
C_14_08,8,14,-105.13,39.718,1926.4,0.823,forest
C_14_09,9,14,-105.115,39.718,1960.6,0.755,forest
C_14_10,10,14,-105.1,39.718,1968.9,0.865,forest
C_14_11,11,14,-105.085,39.718,1947.7,0.877,forest
C_14_12,12,14,-105.07,39.718,1987.9,0.9,forest
C_14_13,13,14,-105.055,39.718,2013.8,0.704,forest
C_14_14,14,14,-105.04,39.718,1963.0,0.897,forest
C_14_15,15,14,-105.025,39.718,1940.3,0.761,forest
C_14_16,16,14,-105.01,39.718,1946.0,0.752,forest
C_14_17,17,14,-104.995,39.718,1944.7,0.745,forest
C_14_18,18,14,-104.98,39.718,1921.5,0.536,grass
C_14_19,19,14,-104.965,39.718,1878.6,0.645,forest
C_14_20,20,14,-104.95,39.718,1807.6,0.61,forest
C_14_21,21,14,-104.935,39.718,1821.2,0.458,grass
C_14_22,22,14,-104.92,39.718,1738.8,0.529,grass
C_14_23,23,14,-104.905,39.718,1680.2,0.436,grass
C_14_24,24,14,-104.89,39.718,1658.4,0.375,grass
C_14_25,25,14,-104.875,39.718,1583.3,0.468,grass
C_14_26,26,14,-104.86,39.718,1522.6,0.471,grass
C_14_27,27,14,-104.845,39.718,1487.5,0.255,grass
C_14_28,28,14,-104.83,39.718,1397.8,0.325,grass
C_14_29,29,14,-104.815,39.718,1381.5,0.326,grass
C_14_30,30,14,-104.8,39.718,1331.4,0.435,grass
C_14_31,31,14,-104.785,39.718,1278.2,0.45,grass
C_14_32,32,14,-104.77,39.718,1242.4,0.602,forest
C_14_33,33,14,-104.755,39.718,1245.4,0.538,grass
C_14_34,34,14,-104.74,39.718,1173.2,0.488,grass
C_14_35,35,14,-104.725,39.718,1167.9,0.638,forest
C_14_36,36,14,-104.71,39.718,1160.3,0.507,grass
C_14_37,37,14,-104.695,39.718,1150.8,0.667,forest
C_14_38,38,14,-104.68,39.718,1152.1,0.618,forest
C_14_39,39,14,-104.665,39.718,1166.3,0.739,forest
C_14_40,40,14,-104.65,39.718,1156.2,0.682,forest
C_14_41,41,14,-104.635,39.718,1183.5,0.62,forest
C_15_00,0,15,-105.25,39.73,1581.3,0.626,forest
C_15_01,1,15,-105.235,39.73,1596.9,0.637,forest
C_15_02,2,15,-105.22,39.73,1651.6,0.749,forest
C_15_03,3,15,-105.205,39.73,1722.7,0.693,forest
C_15_04,4,15,-105.19,39.73,1721.9,0.897,forest
C_15_05,5,15,-105.175,39.73,1786.4,0.818,forest
C_15_06,6,15,-105.16,39.73,1826.8,0.831,forest
C_15_07,7,15,-105.145,39.73,1881.5,0.85,forest
C_15_08,8,15,-105.13,39.73,1930.8,0.847,forest
C_15_09,9,15,-105.115,39.73,1928.3,0.9,forest
C_15_10,10,15,-105.1,39.73,1946.7,0.9,forest
C_15_11,11,15,-105.085,39.73,1976.6,0.757,forest
C_15_12,12,15,-105.07,39.73,1957.5,0.9,forest
C_15_13,13,15,-105.055,39.73,2021.6,0.744,forest
C_15_14,14,15,-105.04,39.73,1995.0,0.678,forest
C_15_15,15,15,-105.025,39.73,1962.8,0.682,forest
C_15_16,16,15,-105.01,39.73,1940.0,0.796,forest
C_15_17,17,15,-104.995,39.73,1900.0,0.635,forest
C_15_18,18,15,-104.98,39.73,1900.8,0.705,forest
C_15_19,19,15,-104.965,39.73,1876.1,0.664,forest
C_15_20,20,15,-104.95,39.73,1767.0,0.552,forest
C_15_21,21,15,-104.935,39.73,1809.4,0.388,grass
C_15_22,22,15,-104.92,39.73,1746.4,0.539,grass
C_15_23,23,15,-104.905,39.73,1666.7,0.53,grass
C_15_24,24,15,-104.89,39.73,1612.5,0.317,grass
C_15_25,25,15,-104.875,39.73,1551.8,0.366,grass
C_15_26,26,15,-104.86,39.73,1500.1,0.314,grass
C_15_27,27,15,-104.845,39.73,1491.8,0.411,grass
C_15_28,28,15,-104.83,39.73,1398.1,0.367,grass
C_15_29,29,15,-104.815,39.73,1377.9,0.52,grass
C_15_30,30,15,-104.8,39.73,1365.5,0.456,grass
C_15_31,31,15,-104.785,39.73,1265.9,0.4,grass
C_15_32,32,15,-104.77,39.73,1242.6,0.53,grass
C_15_33,33,15,-104.755,39.73,1181.8,0.408,grass
C_15_34,34,15,-104.74,39.73,1137.5,0.452,grass
C_15_35,35,15,-104.725,39.73,1144.6,0.622,forest
C_15_36,36,15,-104.71,39.73,1149.3,0.596,forest
C_15_37,37,15,-104.695,39.73,1151.8,0.626,forest
C_15_38,38,15,-104.68,39.73,1119.3,0.626,forest
C_15_39,39,15,-104.665,39.73,1109.0,0.69,forest
C_15_40,40,15,-104.65,39.73,1109.8,0.644,forest
C_15_41,41,15,-104.635,39.73,1210.9,0.867,forest
C_16_00,0,16,-105.25,39.742,1542.7,0.578,forest
C_16_01,1,16,-105.235,39.742,1604.1,0.567,forest
C_16_02,2,16,-105.22,39.742,1643.1,0.712,forest
C_16_03,3,16,-105.205,39.742,1694.7,0.641,forest
C_16_04,4,16,-105.19,39.742,1725.7,0.787,forest
C_16_05,5,16,-105.175,39.742,1755.7,0.81,forest
C_16_06,6,16,-105.16,39.742,1846.3,0.82,forest
C_16_07,7,16,-105.145,39.742,1875.0,0.815,forest
C_16_08,8,16,-105.13,39.742,1888.3,0.9,forest
C_16_09,9,16,-105.115,39.742,1909.2,0.9,forest
C_16_10,10,16,-105.1,39.742,1998.2,0.851,forest
C_16_11,11,16,-105.085,39.742,1930.0,0.877,forest
C_16_12,12,16,-105.07,39.742,1986.7,0.843,forest
C_16_13,13,16,-105.055,39.742,1964.1,0.862,forest
C_16_14,14,16,-105.04,39.742,1933.8,0.839,forest
C_16_15,15,16,-105.025,39.742,1964.8,0.74,forest
C_16_16,16,16,-105.01,39.742,1901.7,0.668,forest
C_16_17,17,16,-104.995,39.742,1914.9,0.832,forest
C_16_18,18,16,-104.98,39.742,1868.1,0.61,forest
C_16_19,19,16,-104.965,39.742,1809.3,0.623,forest
C_16_20,20,16,-104.95,39.742,1779.8,0.575,forest
C_16_21,21,16,-104.935,39.742,1736.8,0.646,forest
C_16_22,22,16,-104.92,39.742,1687.1,0.484,grass
C_16_23,23,16,-104.905,39.742,1674.2,0.584,forest
C_16_24,24,16,-104.89,39.742,1610.1,0.288,grass
C_16_25,25,16,-104.875,39.742,1535.6,0.386,grass
C_16_26,26,16,-104.86,39.742,1562.3,0.337,grass
C_16_27,27,16,-104.845,39.742,1417.7,0.269,grass
C_16_28,28,16,-104.83,39.742,1396.3,0.318,grass
C_16_29,29,16,-104.815,39.742,1370.5,0.344,grass
C_16_30,30,16,-104.8,39.742,1313.0,0.337,grass
C_16_31,31,16,-104.785,39.742,1272.6,0.462,grass
C_16_32,32,16,-104.77,39.742,1196.9,0.531,grass
C_16_33,33,16,-104.755,39.742,1165.3,0.479,grass
C_16_34,34,16,-104.74,39.742,1143.6,0.537,grass
C_16_35,35,16,-104.725,39.742,1145.6,0.44,grass
C_16_36,36,16,-104.71,39.742,1152.3,0.545,grass
C_16_37,37,16,-104.695,39.742,1144.7,0.396,grass
C_16_38,38,16,-104.68,39.742,1120.7,0.626,forest
C_16_39,39,16,-104.665,39.742,1120.6,0.631,forest
C_16_40,40,16,-104.65,39.742,1132.8,0.658,forest
C_16_41,41,16,-104.635,39.742,1139.7,0.811,forest
C_17_00,0,17,-105.25,39.754,1534.1,0.555,forest
C_17_01,1,17,-105.235,39.754,1565.3,0.646,forest
C_17_02,2,17,-105.22,39.754,1638.8,0.798,forest
C_17_03,3,17,-105.205,39.754,1689.7,0.714,forest
C_17_04,4,17,-105.19,39.754,1730.8,0.85,forest
C_17_05,5,17,-105.175,39.754,1734.6,0.825,forest
C_17_06,6,17,-105.16,39.754,1749.4,0.874,forest
C_17_07,7,17,-105.145,39.754,1886.0,0.887,forest
C_17_08,8,17,-105.13,39.754,1861.1,0.705,forest
C_17_09,9,17,-105.115,39.754,1887.2,0.879,forest
C_17_10,10,17,-105.1,39.754,1908.1,0.825,forest
C_17_11,11,17,-105.085,39.754,1969.2,0.9,forest
C_17_12,12,17,-105.07,39.754,1943.5,0.9,forest
C_17_13,13,17,-105.055,39.754,1958.6,0.813,forest
C_17_14,14,17,-105.04,39.754,1969.4,0.9,forest
C_17_15,15,17,-105.025,39.754,1909.7,0.897,forest
C_17_16,16,17,-105.01,39.754,1898.1,0.762,forest
C_17_17,17,17,-104.995,39.754,1898.0,0.755,forest
C_17_18,18,17,-104.98,39.754,1858.6,0.692,forest
C_17_19,19,17,-104.965,39.754,1820.8,0.722,forest
C_17_20,20,17,-104.95,39.754,1781.4,0.514,grass
C_17_21,21,17,-104.935,39.754,1715.6,0.523,grass
C_17_22,22,17,-104.92,39.754,1731.4,0.518,grass
C_17_23,23,17,-104.905,39.754,1679.1,0.523,grass
C_17_24,24,17,-104.89,39.754,1582.5,0.367,grass
C_17_25,25,17,-104.875,39.754,1568.3,0.272,grass
C_17_26,26,17,-104.86,39.754,1434.1,0.447,grass
C_17_27,27,17,-104.845,39.754,1442.6,0.462,grass
C_17_28,28,17,-104.83,39.754,1359.3,0.392,grass
C_17_29,29,17,-104.815,39.754,1316.1,0.264,grass
C_17_30,30,17,-104.8,39.754,1287.0,0.517,grass
C_17_31,31,17,-104.785,39.754,1259.8,0.405,grass
C_17_32,32,17,-104.77,39.754,1189.4,0.463,grass
C_17_33,33,17,-104.755,39.754,1171.1,0.45,grass
C_17_34,34,17,-104.74,39.754,1098.2,0.448,grass
C_17_35,35,17,-104.725,39.754,1127.7,0.514,grass
C_17_36,36,17,-104.71,39.754,1112.0,0.562,forest
C_17_37,37,17,-104.695,39.754,1065.4,0.591,forest
C_17_38,38,17,-104.68,39.754,1116.0,0.546,grass
C_17_39,39,17,-104.665,39.754,1082.4,0.626,forest
C_17_40,40,17,-104.65,39.754,1122.6,0.615,forest
C_17_41,41,17,-104.635,39.754,1186.7,0.732,forest
C_18_00,0,18,-105.25,39.766,1477.9,0.583,forest
C_18_01,1,18,-105.235,39.766,1580.3,0.625,forest
C_18_02,2,18,-105.22,39.766,1656.0,0.642,forest
C_18_03,3,18,-105.205,39.766,1717.3,0.725,forest
C_18_04,4,18,-105.19,39.766,1726.0,0.682,forest
C_18_05,5,18,-105.175,39.766,1762.9,0.883,forest
C_18_06,6,18,-105.16,39.766,1838.1,0.732,forest
C_18_07,7,18,-105.145,39.766,1838.5,0.816,forest
C_18_08,8,18,-105.13,39.766,1861.6,0.796,forest
C_18_09,9,18,-105.115,39.766,1862.9,0.84,forest
C_18_10,10,18,-105.1,39.766,1931.7,0.783,forest
C_18_11,11,18,-105.085,39.766,1966.2,0.867,forest
C_18_12,12,18,-105.07,39.766,1987.6,0.845,forest
C_18_13,13,18,-105.055,39.766,1958.9,0.825,forest
C_18_14,14,18,-105.04,39.766,1917.7,0.82,forest
C_18_15,15,18,-105.025,39.766,1928.9,0.879,forest
C_18_16,16,18,-105.01,39.766,1890.9,0.804,forest
C_18_17,17,18,-104.995,39.766,1857.2,0.569,forest
C_18_18,18,18,-104.98,39.766,1827.7,0.613,forest
C_18_19,19,18,-104.965,39.766,1849.8,0.495,grass
C_18_20,20,18,-104.95,39.766,1797.9,0.677,forest
C_18_21,21,18,-104.935,39.766,1733.6,0.572,forest
C_18_22,22,18,-104.92,39.766,1715.6,0.504,grass
C_18_23,23,18,-104.905,39.766,1656.8,0.337,grass
C_18_24,24,18,-104.89,39.766,1520.8,0.373,grass
C_18_25,25,18,-104.875,39.766,1518.6,0.459,grass
C_18_26,26,18,-104.86,39.766,1478.5,0.433,grass
C_18_27,27,18,-104.845,39.766,1416.1,0.446,grass
C_18_28,28,18,-104.83,39.766,1366.7,0.548,grass
C_18_29,29,18,-104.815,39.766,1331.4,0.437,grass
C_18_30,30,18,-104.8,39.766,1316.6,0.502,grass
C_18_31,31,18,-104.785,39.766,1196.6,0.443,grass
C_18_32,32,18,-104.77,39.766,1184.8,0.469,grass
C_18_33,33,18,-104.755,39.766,1170.6,0.304,grass
C_18_34,34,18,-104.74,39.766,1126.0,0.526,grass
C_18_35,35,18,-104.725,39.766,1111.8,0.535,grass
C_18_36,36,18,-104.71,39.766,1077.7,0.642,forest
C_18_37,37,18,-104.695,39.766,1116.3,0.61,forest
C_18_38,38,18,-104.68,39.766,1136.4,0.557,forest
C_18_39,39,18,-104.665,39.766,1137.7,0.758,forest
C_18_40,40,18,-104.65,39.766,1140.1,0.769,forest
C_18_41,41,18,-104.635,39.766,1104.1,0.661,forest
C_19_00,0,19,-105.25,39.778,1513.4,0.64,forest
C_19_01,1,19,-105.235,39.778,1617.1,0.62,forest
C_19_02,2,19,-105.22,39.778,1611.7,0.722,forest
C_19_03,3,19,-105.205,39.778,1695.0,0.769,forest
C_19_04,4,19,-105.19,39.778,1766.5,0.754,forest
C_19_05,5,19,-105.175,39.778,1725.8,0.87,forest
C_19_06,6,19,-105.16,39.778,1769.5,0.9,forest
C_19_07,7,19,-105.145,39.778,1856.2,0.749,forest
C_19_08,8,19,-105.13,39.778,1885.7,0.78,forest
C_19_09,9,19,-105.115,39.778,1909.5,0.842,forest
C_19_10,10,19,-105.1,39.778,1903.2,0.779,forest
C_19_11,11,19,-105.085,39.778,1871.6,0.869,forest
C_19_12,12,19,-105.07,39.778,1933.4,0.9,forest
C_19_13,13,19,-105.055,39.778,1933.3,0.839,forest
C_19_14,14,19,-105.04,39.778,1933.5,0.876,forest
C_19_15,15,19,-105.025,39.778,1930.9,0.776,forest
C_19_16,16,19,-105.01,39.778,1887.6,0.579,forest
C_19_17,17,19,-104.995,39.778,1918.9,0.722,forest
C_19_18,18,19,-104.98,39.778,1871.4,0.54,grass
C_19_19,19,19,-104.965,39.778,1793.5,0.646,forest
C_19_20,20,19,-104.95,39.778,1779.9,0.586,forest
C_19_21,21,19,-104.935,39.778,1787.2,0.424,grass
C_19_22,22,19,-104.92,39.778,1678.1,0.321,grass
C_19_23,23,19,-104.905,39.778,1652.1,0.582,forest
C_19_24,24,19,-104.89,39.778,1590.8,0.433,grass
C_19_25,25,19,-104.875,39.778,1505.7,0.38,grass
C_19_26,26,19,-104.86,39.778,1436.0,0.236,grass
C_19_27,27,19,-104.845,39.778,1420.8,0.418,grass
C_19_28,28,19,-104.83,39.778,1377.4,0.272,grass
C_19_29,29,19,-104.815,39.778,1329.9,0.331,grass
C_19_30,30,19,-104.8,39.778,1318.4,0.225,grass
C_19_31,31,19,-104.785,39.778,1262.2,0.39,grass
C_19_32,32,19,-104.77,39.778,1177.3,0.332,grass
C_19_33,33,19,-104.755,39.778,1172.8,0.428,grass
C_19_34,34,19,-104.74,39.778,1152.9,0.427,grass
C_19_35,35,19,-104.725,39.778,1135.9,0.481,grass
C_19_36,36,19,-104.71,39.778,1038.8,0.557,forest
C_19_37,37,19,-104.695,39.778,1120.8,0.485,grass
C_19_38,38,19,-104.68,39.778,1122.9,0.686,forest
C_19_39,39,19,-104.665,39.778,1091.5,0.594,forest
C_19_40,40,19,-104.65,39.778,1064.3,0.719,forest
C_19_41,41,19,-104.635,39.778,1160.6,0.807,forest
C_20_00,0,20,-105.25,39.79,1500.4,0.65,forest
C_20_01,1,20,-105.235,39.79,1569.7,0.52,grass
C_20_02,2,20,-105.22,39.79,1626.8,0.493,grass
C_20_03,3,20,-105.205,39.79,1683.0,0.741,forest
C_20_04,4,20,-105.19,39.79,1765.6,0.861,forest
C_20_05,5,20,-105.175,39.79,1770.6,0.785,forest
C_20_06,6,20,-105.16,39.79,1830.6,0.824,forest
C_20_07,7,20,-105.145,39.79,1854.6,0.773,forest
C_20_08,8,20,-105.13,39.79,1879.1,0.861,forest
C_20_09,9,20,-105.115,39.79,1890.2,0.757,forest
C_20_10,10,20,-105.1,39.79,1958.5,0.797,forest
C_20_11,11,20,-105.085,39.79,1902.7,0.796,forest
C_20_12,12,20,-105.07,39.79,1973.7,0.705,forest
C_20_13,13,20,-105.055,39.79,1960.4,0.836,forest
C_20_14,14,20,-105.04,39.79,1919.2,0.659,forest
C_20_15,15,20,-105.025,39.79,1930.1,0.709,forest
C_20_16,16,20,-105.01,39.79,1925.7,0.638,forest
C_20_17,17,20,-104.995,39.79,1896.3,0.659,forest
C_20_18,18,20,-104.98,39.79,1855.8,0.643,forest
C_20_19,19,20,-104.965,39.79,1858.1,0.592,forest
C_20_20,20,20,-104.95,39.79,1786.3,0.58,forest
C_20_21,21,20,-104.935,39.79,1704.9,0.44,grass
C_20_22,22,20,-104.92,39.79,1664.0,0.536,grass
C_20_23,23,20,-104.905,39.79,1647.3,0.312,grass
C_20_24,24,20,-104.89,39.79,1566.0,0.395,grass
C_20_25,25,20,-104.875,39.79,1507.5,0.285,grass
C_20_26,26,20,-104.86,39.79,1492.8,0.379,grass
C_20_27,27,20,-104.845,39.79,1432.7,0.143,urban
C_20_28,28,20,-104.83,39.79,1348.4,0.462,grass
C_20_29,29,20,-104.815,39.79,1326.6,0.465,grass
C_20_30,30,20,-104.8,39.79,1251.8,0.336,grass
C_20_31,31,20,-104.785,39.79,1222.9,0.241,grass
C_20_32,32,20,-104.77,39.79,1188.9,0.445,grass
C_20_33,33,20,-104.755,39.79,1195.7,0.421,grass
C_20_34,34,20,-104.74,39.79,1106.9,0.262,grass
C_20_35,35,20,-104.725,39.79,1139.6,0.5,grass
C_20_36,36,20,-104.71,39.79,1101.0,0.508,grass
C_20_37,37,20,-104.695,39.79,1085.0,0.518,grass
C_20_38,38,20,-104.68,39.79,1118.6,0.531,grass
C_20_39,39,20,-104.665,39.79,1042.5,0.711,forest
C_20_40,40,20,-104.65,39.79,1164.1,0.741,forest
C_20_41,41,20,-104.635,39.79,1113.4,0.696,forest
C_21_00,0,21,-105.25,39.802,1615.7,0.434,grass
C_21_01,1,21,-105.235,39.802,1600.0,0.724,forest
C_21_02,2,21,-105.22,39.802,1636.2,0.635,forest
C_21_03,3,21,-105.205,39.802,1682.8,0.584,forest
C_21_04,4,21,-105.19,39.802,1721.2,0.666,forest
C_21_05,5,21,-105.175,39.802,1796.6,0.648,forest
C_21_06,6,21,-105.16,39.802,1825.1,0.676,forest
C_21_07,7,21,-105.145,39.802,1861.2,0.9,forest
C_21_08,8,21,-105.13,39.802,1861.1,0.766,forest
C_21_09,9,21,-105.115,39.802,1922.6,0.816,forest
C_21_10,10,21,-105.1,39.802,1907.0,0.704,forest
C_21_11,11,21,-105.085,39.802,1966.5,0.669,forest
C_21_12,12,21,-105.07,39.802,1984.8,0.9,forest
C_21_13,13,21,-105.055,39.802,1912.7,0.645,forest
C_21_14,14,21,-105.04,39.802,1933.5,0.9,forest
C_21_15,15,21,-105.025,39.802,1952.0,0.667,forest
C_21_16,16,21,-105.01,39.802,1967.7,0.528,grass
C_21_17,17,21,-104.995,39.802,1910.6,0.558,forest
C_21_18,18,21,-104.98,39.802,1896.9,0.716,forest
C_21_19,19,21,-104.965,39.802,1841.8,0.532,grass
C_21_20,20,21,-104.95,39.802,1762.5,0.467,grass
C_21_21,21,21,-104.935,39.802,1769.4,0.399,grass
C_21_22,22,21,-104.92,39.802,1700.2,0.406,grass
C_21_23,23,21,-104.905,39.802,1630.3,0.403,grass
C_21_24,24,21,-104.89,39.802,1609.4,0.227,grass
C_21_25,25,21,-104.875,39.802,1559.9,0.141,urban
C_21_26,26,21,-104.86,39.802,1488.1,0.446,grass
C_21_27,27,21,-104.845,39.802,1419.2,0.231,grass
C_21_28,28,21,-104.83,39.802,1400.6,0.431,grass
C_21_29,29,21,-104.815,39.802,1394.3,0.378,grass
C_21_30,30,21,-104.8,39.802,1282.7,0.465,grass
C_21_31,31,21,-104.785,39.802,1279.6,0.406,grass
C_21_32,32,21,-104.77,39.802,1227.1,0.319,grass
C_21_33,33,21,-104.755,39.802,1146.8,0.403,grass
C_21_34,34,21,-104.74,39.802,1155.8,0.382,grass
C_21_35,35,21,-104.725,39.802,1151.1,0.476,grass
C_21_36,36,21,-104.71,39.802,1149.0,0.536,grass
C_21_37,37,21,-104.695,39.802,1076.9,0.53,grass
C_21_38,38,21,-104.68,39.802,1107.8,0.59,forest
C_21_39,39,21,-104.665,39.802,1115.8,0.504,grass
C_21_40,40,21,-104.65,39.802,1191.5,0.727,forest
C_21_41,41,21,-104.635,39.802,1166.0,0.63,forest
C_22_00,0,22,-105.25,39.814,1534.0,0.741,forest
C_22_01,1,22,-105.235,39.814,1557.9,0.661,forest
C_22_02,2,22,-105.22,39.814,1669.4,0.646,forest
C_22_03,3,22,-105.205,39.814,1654.1,0.542,grass
C_22_04,4,22,-105.19,39.814,1729.6,0.527,grass
C_22_05,5,22,-105.175,39.814,1790.9,0.633,forest
C_22_06,6,22,-105.16,39.814,1899.8,0.883,forest
C_22_07,7,22,-105.145,39.814,1839.7,0.67,forest
C_22_08,8,22,-105.13,39.814,1864.9,0.871,forest
C_22_09,9,22,-105.115,39.814,1898.9,0.624,forest
C_22_10,10,22,-105.1,39.814,1968.3,0.735,forest
C_22_11,11,22,-105.085,39.814,1923.9,0.625,forest
C_22_12,12,22,-105.07,39.814,1955.6,0.859,forest
C_22_13,13,22,-105.055,39.814,1960.6,0.772,forest
C_22_14,14,22,-105.04,39.814,1931.5,0.682,forest
C_22_15,15,22,-105.025,39.814,1981.8,0.459,grass
C_22_16,16,22,-105.01,39.814,1936.2,0.638,forest
C_22_17,17,22,-104.995,39.814,1907.8,0.525,grass
C_22_18,18,22,-104.98,39.814,1837.6,0.544,grass
C_22_19,19,22,-104.965,39.814,1829.7,0.467,grass
C_22_20,20,22,-104.95,39.814,1803.2,0.334,grass
C_22_21,21,22,-104.935,39.814,1707.5,0.361,grass
C_22_22,22,22,-104.92,39.814,1683.0,0.448,grass
C_22_23,23,22,-104.905,39.814,1676.8,0.31,grass
C_22_24,24,22,-104.89,39.814,1576.7,0.252,grass
C_22_25,25,22,-104.875,39.814,1568.0,0.1,urban
C_22_26,26,22,-104.86,39.814,1487.7,0.255,grass
C_22_27,27,22,-104.845,39.814,1449.2,0.186,urban
C_22_28,28,22,-104.83,39.814,1371.6,0.103,urban
C_22_29,29,22,-104.815,39.814,1327.0,0.295,grass
C_22_30,30,22,-104.8,39.814,1303.4,0.192,urban
C_22_31,31,22,-104.785,39.814,1274.7,0.129,urban
C_22_32,32,22,-104.77,39.814,1199.2,0.259,grass
C_22_33,33,22,-104.755,39.814,1237.2,0.275,grass
C_22_34,34,22,-104.74,39.814,1138.3,0.261,grass
C_22_35,35,22,-104.725,39.814,1145.2,0.381,grass
C_22_36,36,22,-104.71,39.814,1128.6,0.428,grass
C_22_37,37,22,-104.695,39.814,1136.6,0.464,grass
C_22_38,38,22,-104.68,39.814,1164.1,0.449,grass
C_22_39,39,22,-104.665,39.814,1123.4,0.405,grass
C_22_40,40,22,-104.65,39.814,1140.5,0.747,forest
C_22_41,41,22,-104.635,39.814,1121.9,0.815,forest
C_23_00,0,23,-105.25,39.826,1561.6,0.557,forest
C_23_01,1,23,-105.235,39.826,1640.2,0.538,grass
C_23_02,2,23,-105.22,39.826,1684.8,0.548,grass
C_23_03,3,23,-105.205,39.826,1719.9,0.537,grass
C_23_04,4,23,-105.19,39.826,1766.8,0.525,grass
C_23_05,5,23,-105.175,39.826,1796.1,0.728,forest
C_23_06,6,23,-105.16,39.826,1821.0,0.8,forest
C_23_07,7,23,-105.145,39.826,1911.4,0.569,forest
C_23_08,8,23,-105.13,39.826,1897.4,0.809,forest
C_23_09,9,23,-105.115,39.826,1937.3,0.568,forest
C_23_10,10,23,-105.1,39.826,1966.5,0.868,forest
C_23_11,11,23,-105.085,39.826,2005.5,0.788,forest
C_23_12,12,23,-105.07,39.826,1966.5,0.644,forest
C_23_13,13,23,-105.055,39.826,1964.7,0.678,forest
C_23_14,14,23,-105.04,39.826,1960.1,0.693,forest
C_23_15,15,23,-105.025,39.826,1955.9,0.548,grass
C_23_16,16,23,-105.01,39.826,1961.6,0.425,grass
C_23_17,17,23,-104.995,39.826,1920.4,0.344,grass
C_23_18,18,23,-104.98,39.826,1882.8,0.54,grass
C_23_19,19,23,-104.965,39.826,1805.1,0.378,grass
C_23_20,20,23,-104.95,39.826,1802.9,0.325,grass
C_23_21,21,23,-104.935,39.826,1770.1,0.283,grass
C_23_22,22,23,-104.92,39.826,1690.8,0.419,grass
C_23_23,23,23,-104.905,39.826,1675.5,0.344,grass
C_23_24,24,23,-104.89,39.826,1578.9,0.186,urban
C_23_25,25,23,-104.875,39.826,1552.2,0.292,grass
C_23_26,26,23,-104.86,39.826,1509.4,0.141,urban
C_23_27,27,23,-104.845,39.826,1419.3,0.335,grass
C_23_28,28,23,-104.83,39.826,1463.8,0.342,grass
C_23_29,29,23,-104.815,39.826,1386.8,0.068,urban
C_23_30,30,23,-104.8,39.826,1312.5,0.33,grass
C_23_31,31,23,-104.785,39.826,1364.3,0.398,grass
C_23_32,32,23,-104.77,39.826,1236.8,0.275,grass
C_23_33,33,23,-104.755,39.826,1176.3,0.259,grass
C_23_34,34,23,-104.74,39.826,1181.1,0.418,grass
C_23_35,35,23,-104.725,39.826,1200.8,0.163,urban
C_23_36,36,23,-104.71,39.826,1151.3,0.458,grass
C_23_37,37,23,-104.695,39.826,1132.5,0.396,grass
C_23_38,38,23,-104.68,39.826,1160.3,0.487,grass
C_23_39,39,23,-104.665,39.826,1181.0,0.538,grass
C_23_40,40,23,-104.65,39.826,1172.2,0.493,grass
C_23_41,41,23,-104.635,39.826,1145.9,0.568,forest
C_24_00,0,24,-105.25,39.838,1541.0,0.516,grass
C_24_01,1,24,-105.235,39.838,1604.0,0.421,grass
C_24_02,2,24,-105.22,39.838,1739.5,0.373,grass
C_24_03,3,24,-105.205,39.838,1735.4,0.429,grass
C_24_04,4,24,-105.19,39.838,1828.5,0.572,forest
C_24_05,5,24,-105.175,39.838,1826.0,0.696,forest
C_24_06,6,24,-105.16,39.838,1916.2,0.534,grass
C_24_07,7,24,-105.145,39.838,1894.7,0.732,forest
C_24_08,8,24,-105.13,39.838,1948.7,0.666,forest
C_24_09,9,24,-105.115,39.838,2007.9,0.503,grass
C_24_10,10,24,-105.1,39.838,1981.5,0.783,forest
C_24_11,11,24,-105.085,39.838,2042.9,0.839,forest
C_24_12,12,24,-105.07,39.838,2007.6,0.569,forest
C_24_13,13,24,-105.055,39.838,1980.3,0.652,forest
C_24_14,14,24,-105.04,39.838,2007.6,0.513,grass
C_24_15,15,24,-105.025,39.838,1975.6,0.459,grass
C_24_16,16,24,-105.01,39.838,1944.8,0.468,grass
C_24_17,17,24,-104.995,39.838,1967.3,0.502,grass
C_24_18,18,24,-104.98,39.838,1901.8,0.458,grass
C_24_19,19,24,-104.965,39.838,1852.2,0.364,grass
C_24_20,20,24,-104.95,39.838,1776.8,0.464,grass
C_24_21,21,24,-104.935,39.838,1805.0,0.437,grass
C_24_22,22,24,-104.92,39.838,1734.6,0.299,grass
C_24_23,23,24,-104.905,39.838,1664.1,0.406,grass
C_24_24,24,24,-104.89,39.838,1664.3,0.342,grass
C_24_25,25,24,-104.875,39.838,1625.8,0.271,grass
C_24_26,26,24,-104.86,39.838,1482.0,0.12,urban
C_24_27,27,24,-104.845,39.838,1479.7,0.065,urban
C_24_28,28,24,-104.83,39.838,1396.1,0.192,urban
C_24_29,29,24,-104.815,39.838,1455.6,0.104,urban
C_24_30,30,24,-104.8,39.838,1348.2,0.28,grass
C_24_31,31,24,-104.785,39.838,1264.8,0.181,urban
C_24_32,32,24,-104.77,39.838,1248.7,0.322,grass
C_24_33,33,24,-104.755,39.838,1275.7,0.122,urban
C_24_34,34,24,-104.74,39.838,1225.7,0.368,grass
C_24_35,35,24,-104.725,39.838,1176.9,0.262,grass
C_24_36,36,24,-104.71,39.838,1206.0,0.369,grass
C_24_37,37,24,-104.695,39.838,1158.4,0.332,grass
C_24_38,38,24,-104.68,39.838,1212.9,0.597,forest
C_24_39,39,24,-104.665,39.838,1144.7,0.424,grass
C_24_40,40,24,-104.65,39.838,1174.6,0.399,grass
C_24_41,41,24,-104.635,39.838,1197.8,0.673,forest
C_25_00,0,25,-105.25,39.85,1607.4,0.349,grass
C_25_01,1,25,-105.235,39.85,1674.1,0.546,grass
C_25_02,2,25,-105.22,39.85,1697.9,0.482,grass
C_25_03,3,25,-105.205,39.85,1811.6,0.621,forest
C_25_04,4,25,-105.19,39.85,1753.4,0.466,grass
C_25_05,5,25,-105.175,39.85,1832.9,0.637,forest
C_25_06,6,25,-105.16,39.85,1888.4,0.568,forest
C_25_07,7,25,-105.145,39.85,1922.7,0.659,forest
C_25_08,8,25,-105.13,39.85,1935.9,0.741,forest
C_25_09,9,25,-105.115,39.85,2006.9,0.583,forest
C_25_10,10,25,-105.1,39.85,2015.3,0.722,forest
C_25_11,11,25,-105.085,39.85,2029.2,0.871,forest
C_25_12,12,25,-105.07,39.85,2010.2,0.572,forest
C_25_13,13,25,-105.055,39.85,2026.3,0.508,grass
C_25_14,14,25,-105.04,39.85,2053.7,0.594,forest
C_25_15,15,25,-105.025,39.85,2016.0,0.545,grass
C_25_16,16,25,-105.01,39.85,1977.9,0.548,grass
C_25_17,17,25,-104.995,39.85,1993.6,0.453,grass
C_25_18,18,25,-104.98,39.85,1958.0,0.437,grass
C_25_19,19,25,-104.965,39.85,1951.4,0.423,grass
C_25_20,20,25,-104.95,39.85,1812.3,0.29,grass
C_25_21,21,25,-104.935,39.85,1829.6,0.297,grass
C_25_22,22,25,-104.92,39.85,1755.4,0.239,grass
C_25_23,23,25,-104.905,39.85,1721.8,0.312,grass
C_25_24,24,25,-104.89,39.85,1704.2,0.083,urban
C_25_25,25,25,-104.875,39.85,1587.1,0.124,urban
C_25_26,26,25,-104.86,39.85,1591.5,0.088,urban
C_25_27,27,25,-104.845,39.85,1520.8,0.12,urban
C_25_28,28,25,-104.83,39.85,1486.7,0.268,grass
C_25_29,29,25,-104.815,39.85,1418.3,0.155,urban
C_25_30,30,25,-104.8,39.85,1305.3,0.112,urban
C_25_31,31,25,-104.785,39.85,1367.7,0.121,urban
C_25_32,32,25,-104.77,39.85,1280.9,0.257,grass
C_25_33,33,25,-104.755,39.85,1247.8,0.264,grass
C_25_34,34,25,-104.74,39.85,1177.4,0.234,grass
C_25_35,35,25,-104.725,39.85,1176.3,0.292,grass
C_25_36,36,25,-104.71,39.85,1252.2,0.326,grass
C_25_37,37,25,-104.695,39.85,1241.3,0.3,grass
C_25_38,38,25,-104.68,39.85,1163.2,0.388,grass
C_25_39,39,25,-104.665,39.85,1180.3,0.466,grass
C_25_40,40,25,-104.65,39.85,1182.4,0.468,grass
C_25_41,41,25,-104.635,39.85,1209.5,0.574,forest
C_26_00,0,26,-105.25,39.862,1640.0,0.319,grass
C_26_01,1,26,-105.235,39.862,1666.3,0.45,grass
C_26_02,2,26,-105.22,39.862,1786.1,0.357,grass
C_26_03,3,26,-105.205,39.862,1807.7,0.323,grass
C_26_04,4,26,-105.19,39.862,1822.2,0.373,grass
C_26_05,5,26,-105.175,39.862,1903.8,0.607,forest
C_26_06,6,26,-105.16,39.862,1908.3,0.516,grass
C_26_07,7,26,-105.145,39.862,1923.5,0.578,forest
C_26_08,8,26,-105.13,39.862,1962.3,0.593,forest
C_26_09,9,26,-105.115,39.862,1996.3,0.6,forest
C_26_10,10,26,-105.1,39.862,2020.3,0.693,forest
C_26_11,11,26,-105.085,39.862,2064.6,0.789,forest
C_26_12,12,26,-105.07,39.862,2028.4,0.631,forest
C_26_13,13,26,-105.055,39.862,2057.5,0.581,forest
C_26_14,14,26,-105.04,39.862,2072.1,0.609,forest
C_26_15,15,26,-105.025,39.862,2017.6,0.472,grass
C_26_16,16,26,-105.01,39.862,2058.2,0.473,grass
C_26_17,17,26,-104.995,39.862,1995.6,0.319,grass
C_26_18,18,26,-104.98,39.862,1953.0,0.397,grass
C_26_19,19,26,-104.965,39.862,1945.0,0.337,grass
C_26_20,20,26,-104.95,39.862,1839.0,0.228,grass
C_26_21,21,26,-104.935,39.862,1806.3,0.248,grass
C_26_22,22,26,-104.92,39.862,1791.6,0.142,urban
C_26_23,23,26,-104.905,39.862,1764.4,0.226,grass
C_26_24,24,26,-104.89,39.862,1717.1,0.368,grass
C_26_25,25,26,-104.875,39.862,1684.6,0.2,urban
C_26_26,26,26,-104.86,39.862,1616.7,0.04,urban
C_26_27,27,26,-104.845,39.862,1520.8,0.114,urban
C_26_28,28,26,-104.83,39.862,1459.4,0.206,urban
C_26_29,29,26,-104.815,39.862,1447.8,0.098,urban
C_26_30,30,26,-104.8,39.862,1443.5,0.074,urban
C_26_31,31,26,-104.785,39.862,1350.0,0.111,urban
C_26_32,32,26,-104.77,39.862,1320.4,0.214,urban
C_26_33,33,26,-104.755,39.862,1281.0,0.178,urban
C_26_34,34,26,-104.74,39.862,1272.5,0.196,urban
C_26_35,35,26,-104.725,39.862,1216.0,0.088,urban
C_26_36,36,26,-104.71,39.862,1241.4,0.298,grass
C_26_37,37,26,-104.695,39.862,1233.4,0.198,urban
C_26_38,38,26,-104.68,39.862,1287.1,0.355,grass
C_26_39,39,26,-104.665,39.862,1230.1,0.351,grass
C_26_40,40,26,-104.65,39.862,1234.6,0.439,grass
C_26_41,41,26,-104.635,39.862,1260.5,0.543,grass
C_27_00,0,27,-105.25,39.874,1636.7,0.192,urban
C_27_01,1,27,-105.235,39.874,1685.7,0.426,grass
C_27_02,2,27,-105.22,39.874,1789.0,0.333,grass
C_27_03,3,27,-105.205,39.874,1830.3,0.613,forest
C_27_04,4,27,-105.19,39.874,1861.7,0.427,grass
C_27_05,5,27,-105.175,39.874,1898.3,0.444,grass
C_27_06,6,27,-105.16,39.874,1931.1,0.579,forest
C_27_07,7,27,-105.145,39.874,2021.9,0.48,grass
C_27_08,8,27,-105.13,39.874,1981.7,0.587,forest
C_27_09,9,27,-105.115,39.874,2023.4,0.528,grass
C_27_10,10,27,-105.1,39.874,2051.5,0.502,grass
C_27_11,11,27,-105.085,39.874,2064.8,0.529,grass
C_27_12,12,27,-105.07,39.874,2073.0,0.533,grass
C_27_13,13,27,-105.055,39.874,2105.1,0.489,grass
C_27_14,14,27,-105.04,39.874,2084.4,0.582,forest
C_27_15,15,27,-105.025,39.874,2080.8,0.464,grass
C_27_16,16,27,-105.01,39.874,2019.7,0.282,grass
C_27_17,17,27,-104.995,39.874,1994.3,0.471,grass
C_27_18,18,27,-104.98,39.874,1981.8,0.473,grass
C_27_19,19,27,-104.965,39.874,1963.2,0.355,grass
C_27_20,20,27,-104.95,39.874,1936.4,0.139,urban
C_27_21,21,27,-104.935,39.874,1899.8,0.217,urban
C_27_22,22,27,-104.92,39.874,1809.3,0.211,urban
C_27_23,23,27,-104.905,39.874,1800.8,0.174,urban
C_27_24,24,27,-104.89,39.874,1735.3,0.183,urban
C_27_25,25,27,-104.875,39.874,1677.0,0.078,urban
C_27_26,26,27,-104.86,39.874,1620.2,-0.041,urban
C_27_27,27,27,-104.845,39.874,1566.7,0.202,urban
C_27_28,28,27,-104.83,39.874,1501.9,0.103,urban
C_27_29,29,27,-104.815,39.874,1460.9,0.074,urban
C_27_30,30,27,-104.8,39.874,1461.0,0.041,urban
C_27_31,31,27,-104.785,39.874,1387.3,0.162,urban
C_27_32,32,27,-104.77,39.874,1330.8,0.227,grass
C_27_33,33,27,-104.755,39.874,1334.1,0.136,urban
C_27_34,34,27,-104.74,39.874,1339.9,0.136,urban
C_27_35,35,27,-104.725,39.874,1255.9,0.27,grass
C_27_36,36,27,-104.71,39.874,1236.1,0.203,urban
C_27_37,37,27,-104.695,39.874,1255.5,0.361,grass
C_27_38,38,27,-104.68,39.874,1257.0,0.368,grass
C_27_39,39,27,-104.665,39.874,1260.1,0.5,grass
C_27_40,40,27,-104.65,39.874,1212.4,0.49,grass
C_27_41,41,27,-104.635,39.874,1294.3,0.492,grass
C_28_00,0,28,-105.25,39.886,1660.4,0.292,grass
C_28_01,1,28,-105.235,39.886,1784.2,0.514,grass
C_28_02,2,28,-105.22,39.886,1831.3,0.435,grass
C_28_03,3,28,-105.205,39.886,1819.5,0.483,grass
C_28_04,4,28,-105.19,39.886,1881.9,0.432,grass
C_28_05,5,28,-105.175,39.886,1959.4,0.464,grass
C_28_06,6,28,-105.16,39.886,1985.3,0.55,forest
C_28_07,7,28,-105.145,39.886,2016.7,0.618,forest
C_28_08,8,28,-105.13,39.886,2002.9,0.497,grass
C_28_09,9,28,-105.115,39.886,2072.2,0.52,grass
C_28_10,10,28,-105.1,39.886,2096.0,0.67,forest
C_28_11,11,28,-105.085,39.886,2094.7,0.54,grass
C_28_12,12,28,-105.07,39.886,2078.1,0.396,grass
C_28_13,13,28,-105.055,39.886,2144.4,0.473,grass
C_28_14,14,28,-105.04,39.886,2098.0,0.6,forest
C_28_15,15,28,-105.025,39.886,2053.0,0.501,grass
C_28_16,16,28,-105.01,39.886,2059.6,0.324,grass
C_28_17,17,28,-104.995,39.886,2007.1,0.583,forest
C_28_18,18,28,-104.98,39.886,1964.7,0.396,grass
C_28_19,19,28,-104.965,39.886,2000.8,0.386,grass
C_28_20,20,28,-104.95,39.886,1934.2,0.297,grass
C_28_21,21,28,-104.935,39.886,1889.1,0.185,urban
C_28_22,22,28,-104.92,39.886,1944.0,0.124,urban
C_28_23,23,28,-104.905,39.886,1820.1,0.099,urban
C_28_24,24,28,-104.89,39.886,1795.9,0.14,urban
C_28_25,25,28,-104.875,39.886,1715.9,0.167,urban
C_28_26,26,28,-104.86,39.886,1638.7,-0.019,urban
C_28_27,27,28,-104.845,39.886,1598.3,0.146,urban
C_28_28,28,28,-104.83,39.886,1557.0,-0.002,urban
C_28_29,29,28,-104.815,39.886,1521.0,0.032,urban
C_28_30,30,28,-104.8,39.886,1416.4,0.135,urban
C_28_31,31,28,-104.785,39.886,1387.4,0.113,urban
C_28_32,32,28,-104.77,39.886,1359.4,0.161,urban
C_28_33,33,28,-104.755,39.886,1309.9,0.21,urban
C_28_34,34,28,-104.74,39.886,1320.7,0.22,urban
C_28_35,35,28,-104.725,39.886,1301.4,0.251,grass
C_28_36,36,28,-104.71,39.886,1306.9,0.157,urban
C_28_37,37,28,-104.695,39.886,1234.0,0.165,urban
C_28_38,38,28,-104.68,39.886,1231.5,0.282,grass
C_28_39,39,28,-104.665,39.886,1247.2,0.427,grass
C_28_40,40,28,-104.65,39.886,1292.2,0.447,grass
C_28_41,41,28,-104.635,39.886,1335.2,0.514,grass
C_29_00,0,29,-105.25,39.898,1707.0,0.434,grass
C_29_01,1,29,-105.235,39.898,1779.5,0.222,grass
C_29_02,2,29,-105.22,39.898,1842.2,0.39,grass
C_29_03,3,29,-105.205,39.898,1861.7,0.396,grass
C_29_04,4,29,-105.19,39.898,1900.5,0.509,grass
C_29_05,5,29,-105.175,39.898,1978.9,0.554,forest
C_29_06,6,29,-105.16,39.898,1999.5,0.427,grass
C_29_07,7,29,-105.145,39.898,2034.1,0.465,grass
C_29_08,8,29,-105.13,39.898,2074.3,0.431,grass
C_29_09,9,29,-105.115,39.898,2114.8,0.607,forest
C_29_10,10,29,-105.1,39.898,2123.6,0.487,grass
C_29_11,11,29,-105.085,39.898,2109.8,0.58,forest
C_29_12,12,29,-105.07,39.898,2149.6,0.487,grass
C_29_13,13,29,-105.055,39.898,2160.9,0.468,grass
C_29_14,14,29,-105.04,39.898,2166.4,0.426,grass
C_29_15,15,29,-105.025,39.898,2117.7,0.277,grass
C_29_16,16,29,-105.01,39.898,2084.0,0.279,grass
C_29_17,17,29,-104.995,39.898,2081.7,0.372,grass
C_29_18,18,29,-104.98,39.898,2053.8,0.306,grass
C_29_19,19,29,-104.965,39.898,2026.1,0.229,grass
C_29_20,20,29,-104.95,39.898,1986.8,0.212,urban
C_29_21,21,29,-104.935,39.898,1939.3,0.248,grass
C_29_22,22,29,-104.92,39.898,1894.8,0.101,urban
C_29_23,23,29,-104.905,39.898,1860.2,0.074,urban
C_29_24,24,29,-104.89,39.898,1794.4,0.021,urban
C_29_25,25,29,-104.875,39.898,1722.7,0.014,urban
C_29_26,26,29,-104.86,39.898,1702.1,0.12,urban
C_29_27,27,29,-104.845,39.898,1636.2,0.019,urban
C_29_28,28,29,-104.83,39.898,1547.8,0.091,urban
C_29_29,29,29,-104.815,39.898,1515.7,0.011,urban
C_29_30,30,29,-104.8,39.898,1455.0,0.022,urban
C_29_31,31,29,-104.785,39.898,1478.6,0.053,urban
C_29_32,32,29,-104.77,39.898,1460.0,-0.037,urban
C_29_33,33,29,-104.755,39.898,1364.9,0.076,urban
C_29_34,34,29,-104.74,39.898,1306.3,0.192,urban
C_29_35,35,29,-104.725,39.898,1341.5,0.241,grass
C_29_36,36,29,-104.71,39.898,1300.1,0.254,grass
C_29_37,37,29,-104.695,39.898,1341.2,0.277,grass
C_29_38,38,29,-104.68,39.898,1325.9,0.135,urban
C_29_39,39,29,-104.665,39.898,1293.6,0.319,grass
C_29_40,40,29,-104.65,39.898,1371.1,0.253,grass
C_29_41,41,29,-104.635,39.898,1367.5,0.387,grass
C_30_00,0,30,-105.25,39.91,1806.9,0.121,urban
C_30_01,1,30,-105.235,39.91,1810.6,0.299,grass
C_30_02,2,30,-105.22,39.91,1868.9,0.41,grass
C_30_03,3,30,-105.205,39.91,1893.7,0.425,grass
C_30_04,4,30,-105.19,39.91,1996.6,0.425,grass
C_30_05,5,30,-105.175,39.91,1965.7,0.284,grass
C_30_06,6,30,-105.16,39.91,2020.4,0.601,forest
C_30_07,7,30,-105.145,39.91,2083.3,0.496,grass
C_30_08,8,30,-105.13,39.91,2068.7,0.434,grass
C_30_09,9,30,-105.115,39.91,2182.4,0.543,grass
C_30_10,10,30,-105.1,39.91,2136.4,0.55,forest
C_30_11,11,30,-105.085,39.91,2172.7,0.477,grass
C_30_12,12,30,-105.07,39.91,2164.3,0.6,forest
C_30_13,13,30,-105.055,39.91,2195.5,0.437,grass
C_30_14,14,30,-105.04,39.91,2171.1,0.443,grass
C_30_15,15,30,-105.025,39.91,2153.3,0.495,grass
C_30_16,16,30,-105.01,39.91,2107.7,0.418,grass
C_30_17,17,30,-104.995,39.91,2148.5,0.387,grass
C_30_18,18,30,-104.98,39.91,2079.5,0.224,grass
C_30_19,19,30,-104.965,39.91,2070.1,0.32,grass
C_30_20,20,30,-104.95,39.91,2049.6,0.392,grass
C_30_21,21,30,-104.935,39.91,1929.6,0.098,urban
C_30_22,22,30,-104.92,39.91,1935.7,0.161,urban
C_30_23,23,30,-104.905,39.91,1881.9,0.074,urban
C_30_24,24,30,-104.89,39.91,1846.7,0.115,urban
C_30_25,25,30,-104.875,39.91,1750.6,-0.005,urban
C_30_26,26,30,-104.86,39.91,1721.7,-0.1,urban
C_30_27,27,30,-104.845,39.91,1659.4,-0.047,urban
C_30_28,28,30,-104.83,39.91,1571.0,0.188,urban
C_30_29,29,30,-104.815,39.91,1549.7,-0.071,urban
C_30_30,30,30,-104.8,39.91,1491.4,0.042,urban
C_30_31,31,30,-104.785,39.91,1517.8,-0.04,urban
C_30_32,32,30,-104.77,39.91,1465.1,0.134,urban
C_30_33,33,30,-104.755,39.91,1389.0,0.187,urban
C_30_34,34,30,-104.74,39.91,1409.7,0.228,grass
C_30_35,35,30,-104.725,39.91,1358.9,0.133,urban
C_30_36,36,30,-104.71,39.91,1362.1,0.242,grass
C_30_37,37,30,-104.695,39.91,1358.2,0.367,grass
C_30_38,38,30,-104.68,39.91,1340.4,0.133,urban
C_30_39,39,30,-104.665,39.91,1340.7,0.332,grass
C_30_40,40,30,-104.65,39.91,1366.0,0.219,urban
C_30_41,41,30,-104.635,39.91,1355.5,0.376,grass
C_31_00,0,31,-105.25,39.922,1743.4,0.155,urban
C_31_01,1,31,-105.235,39.922,1782.1,0.352,grass
C_31_02,2,31,-105.22,39.922,1885.6,0.316,grass
C_31_03,3,31,-105.205,39.922,1960.9,0.477,grass
C_31_04,4,31,-105.19,39.922,1993.3,0.551,forest
C_31_05,5,31,-105.175,39.922,2034.3,0.473,grass
C_31_06,6,31,-105.16,39.922,2067.4,0.479,grass
C_31_07,7,31,-105.145,39.922,2106.1,0.444,grass
C_31_08,8,31,-105.13,39.922,2142.1,0.524,grass
C_31_09,9,31,-105.115,39.922,2144.8,0.609,forest
C_31_10,10,31,-105.1,39.922,2161.2,0.527,grass
C_31_11,11,31,-105.085,39.922,2225.0,0.504,grass
C_31_12,12,31,-105.07,39.922,2206.0,0.559,forest
C_31_13,13,31,-105.055,39.922,2176.0,0.334,grass
C_31_14,14,31,-105.04,39.922,2207.1,0.471,grass
C_31_15,15,31,-105.025,39.922,2195.2,0.422,grass
C_31_16,16,31,-105.01,39.922,2165.4,0.427,grass
C_31_17,17,31,-104.995,39.922,2071.3,0.29,grass
C_31_18,18,31,-104.98,39.922,2093.7,0.187,urban
C_31_19,19,31,-104.965,39.922,2084.6,0.288,grass
C_31_20,20,31,-104.95,39.922,1996.7,0.447,grass
C_31_21,21,31,-104.935,39.922,2005.0,0.28,grass
C_31_22,22,31,-104.92,39.922,1910.9,0.086,urban
C_31_23,23,31,-104.905,39.922,1869.2,0.108,urban
C_31_24,24,31,-104.89,39.922,1796.5,0.148,urban
C_31_25,25,31,-104.875,39.922,1783.1,-0.041,urban
C_31_26,26,31,-104.86,39.922,1696.6,-0.1,urban
C_31_27,27,31,-104.845,39.922,1681.4,0.16,urban
C_31_28,28,31,-104.83,39.922,1639.9,0.032,urban
C_31_29,29,31,-104.815,39.922,1561.1,0.13,urban
C_31_30,30,31,-104.8,39.922,1505.3,-0.07,urban
C_31_31,31,31,-104.785,39.922,1535.1,0.111,urban
C_31_32,32,31,-104.77,39.922,1460.3,0.055,urban
C_31_33,33,31,-104.755,39.922,1429.0,0.06,urban
C_31_34,34,31,-104.74,39.922,1355.7,0.032,urban
C_31_35,35,31,-104.725,39.922,1358.3,0.254,grass
C_31_36,36,31,-104.71,39.922,1364.4,0.174,urban
C_31_37,37,31,-104.695,39.922,1356.9,0.394,grass
C_31_38,38,31,-104.68,39.922,1320.1,0.323,grass
C_31_39,39,31,-104.665,39.922,1335.3,0.336,grass
C_31_40,40,31,-104.65,39.922,1378.1,0.295,grass
C_31_41,41,31,-104.635,39.922,1410.5,0.401,grass
C_32_00,0,32,-105.25,39.934,1798.4,0.259,grass
C_32_01,1,32,-105.235,39.934,1840.2,0.384,grass
C_32_02,2,32,-105.22,39.934,1853.6,0.396,grass
C_32_03,3,32,-105.205,39.934,1996.7,0.215,urban
C_32_04,4,32,-105.19,39.934,1953.9,0.465,grass
C_32_05,5,32,-105.175,39.934,2037.2,0.469,grass
C_32_06,6,32,-105.16,39.934,2091.1,0.398,grass
C_32_07,7,32,-105.145,39.934,2140.6,0.508,grass
C_32_08,8,32,-105.13,39.934,2127.3,0.735,forest
C_32_09,9,32,-105.115,39.934,2166.7,0.461,grass
C_32_10,10,32,-105.1,39.934,2247.4,0.532,grass
C_32_11,11,32,-105.085,39.934,2208.6,0.471,grass
C_32_12,12,32,-105.07,39.934,2210.4,0.47,grass
C_32_13,13,32,-105.055,39.934,2244.7,0.523,grass
C_32_14,14,32,-105.04,39.934,2231.3,0.511,grass
C_32_15,15,32,-105.025,39.934,2230.2,0.432,grass
C_32_16,16,32,-105.01,39.934,2166.1,0.574,forest
C_32_17,17,32,-104.995,39.934,2144.7,0.33,grass
C_32_18,18,32,-104.98,39.934,2091.6,0.317,grass
C_32_19,19,32,-104.965,39.934,2040.7,0.344,grass
C_32_20,20,32,-104.95,39.934,2091.5,0.402,grass
C_32_21,21,32,-104.935,39.934,2071.5,0.258,grass
C_32_22,22,32,-104.92,39.934,1985.2,0.175,urban
C_32_23,23,32,-104.905,39.934,1894.9,0.121,urban
C_32_24,24,32,-104.89,39.934,1869.6,0.273,grass
C_32_25,25,32,-104.875,39.934,1820.3,-0.021,urban
C_32_26,26,32,-104.86,39.934,1780.7,0.045,urban
C_32_27,27,32,-104.845,39.934,1726.7,0.122,urban
C_32_28,28,32,-104.83,39.934,1646.7,-0.056,urban
C_32_29,29,32,-104.815,39.934,1619.0,0.052,urban
C_32_30,30,32,-104.8,39.934,1556.7,0.157,urban
C_32_31,31,32,-104.785,39.934,1541.1,-0.1,urban
C_32_32,32,32,-104.77,39.934,1441.6,0.223,grass
C_32_33,33,32,-104.755,39.934,1480.2,0.128,urban
C_32_34,34,32,-104.74,39.934,1414.0,0.154,urban
C_32_35,35,32,-104.725,39.934,1400.0,0.214,urban
C_32_36,36,32,-104.71,39.934,1409.2,0.151,urban
C_32_37,37,32,-104.695,39.934,1444.2,0.134,urban
C_32_38,38,32,-104.68,39.934,1392.3,0.185,urban
C_32_39,39,32,-104.665,39.934,1370.4,0.292,grass
C_32_40,40,32,-104.65,39.934,1406.4,0.404,grass
C_32_41,41,32,-104.635,39.934,1404.5,0.504,grass
C_33_00,0,33,-105.25,39.946,1845.3,0.269,grass
C_33_01,1,33,-105.235,39.946,1864.6,0.288,grass
C_33_02,2,33,-105.22,39.946,1943.7,0.277,grass
C_33_03,3,33,-105.205,39.946,1976.5,0.402,grass
C_33_04,4,33,-105.19,39.946,2017.7,0.431,grass
C_33_05,5,33,-105.175,39.946,2073.3,0.352,grass
C_33_06,6,33,-105.16,39.946,2139.2,0.535,grass
C_33_07,7,33,-105.145,39.946,2107.9,0.408,grass
C_33_08,8,33,-105.13,39.946,2200.0,0.506,grass
C_33_09,9,33,-105.115,39.946,2165.3,0.572,forest
C_33_10,10,33,-105.1,39.946,2231.3,0.466,grass
C_33_11,11,33,-105.085,39.946,2269.7,0.642,forest
C_33_12,12,33,-105.07,39.946,2264.0,0.528,grass
C_33_13,13,33,-105.055,39.946,2232.0,0.433,grass
C_33_14,14,33,-105.04,39.946,2253.8,0.378,grass
C_33_15,15,33,-105.025,39.946,2240.4,0.479,grass
C_33_16,16,33,-105.01,39.946,2178.5,0.604,forest
C_33_17,17,33,-104.995,39.946,2160.2,0.294,grass
C_33_18,18,33,-104.98,39.946,2170.5,0.211,urban
C_33_19,19,33,-104.965,39.946,2151.5,0.244,grass
C_33_20,20,33,-104.95,39.946,2108.5,0.321,grass
C_33_21,21,33,-104.935,39.946,2033.5,0.139,urban
C_33_22,22,33,-104.92,39.946,1994.0,0.092,urban
C_33_23,23,33,-104.905,39.946,1944.8,0.038,urban
C_33_24,24,33,-104.89,39.946,1888.4,0.079,urban
C_33_25,25,33,-104.875,39.946,1833.6,0.11,urban
C_33_26,26,33,-104.86,39.946,1818.0,0.065,urban
C_33_27,27,33,-104.845,39.946,1731.2,0.002,urban
C_33_28,28,33,-104.83,39.946,1626.7,0.068,urban
C_33_29,29,33,-104.815,39.946,1653.4,0.121,urban
C_33_30,30,33,-104.8,39.946,1555.9,0.003,urban
C_33_31,31,33,-104.785,39.946,1547.0,0.016,urban
C_33_32,32,33,-104.77,39.946,1506.7,0.139,urban
C_33_33,33,33,-104.755,39.946,1470.5,0.018,urban
C_33_34,34,33,-104.74,39.946,1458.5,0.17,urban
C_33_35,35,33,-104.725,39.946,1443.6,0.159,urban
C_33_36,36,33,-104.71,39.946,1438.4,0.134,urban
C_33_37,37,33,-104.695,39.946,1394.4,0.301,grass
C_33_38,38,33,-104.68,39.946,1402.0,0.192,urban
C_33_39,39,33,-104.665,39.946,1388.2,0.249,grass
C_33_40,40,33,-104.65,39.946,1407.2,0.416,grass
C_33_41,41,33,-104.635,39.946,1446.2,0.391,grass
